{"count":21,"results":[{"id":1,"name":"Military Grade Encryption","description":"Have you seen military grade encryption before? I have heard its pretty tough to break since the military and all use it. So I used it to secure my secret vault service. Everything is secure now! Have fun trying to break AES again!\r\n\r\nConnect to the service using:\r\n\r\n> nc 20.219.137.184 34898","connection_info":null,"max_attempts":0,"value":500,"category":"Cryptography","type":"standard","state":"visible","requirements":null},{"id":2,"name":"Really Simple Algorithm","description":"This is a really simple algorithm. But it is responsible for a lot of security in computer systems. Can you check if it's safe? \r\n\r\nPS: After the challenge, you may want to read about implementation details of the said \"simple algorithm\"","connection_info":null,"max_attempts":0,"value":50,"category":"Cryptography","type":"standard","state":"visible","requirements":null},{"id":3,"name":"Safety x2","description":"More walls definitely means more security right? right?","connection_info":null,"max_attempts":0,"value":200,"category":"Cryptography","type":"standard","state":"visible","requirements":null},{"id":4,"name":"So Many Primes","description":"A group of 6 people are talking amongst each other. There are a lot of public keys and encrypted messages going around. They all are talking about the flag though. Can you get it?","connection_info":null,"max_attempts":0,"value":150,"category":"Cryptography","type":"standard","state":"visible","requirements":null},{"id":5,"name":"Truly Random","description":"You may need to break AES to solve this one. Good luck on breaking the entire backbone of the modern internet security!","connection_info":null,"max_attempts":0,"value":250,"category":"Cryptography","type":"standard","state":"visible","requirements":null},{"id":6,"name":"Welcome","description":"Glad to see you here!\r\n\r\nJoin the Discord server to stay updated!","connection_info":null,"max_attempts":0,"value":10,"category":"Miscellaneous","type":"standard","state":"visible","requirements":null},{"id":7,"name":"Foreign Seek","description":"I have heard that a lot of people seek to go to foreign. So here is a picture of some cool buildings that I found on the internet.  ","connection_info":null,"max_attempts":0,"value":200,"category":"Miscellaneous","type":"standard","state":"visible","requirements":null},{"id":8,"name":"Onion","description":"Have you seen how onions have just layers and nothing in the end? I like such constructions.","connection_info":null,"max_attempts":0,"value":150,"category":"Miscellaneous","type":"standard","state":"visible","requirements":null},{"id":9,"name":"Sniff Sniff","description":"I sniffed some very weird packets through wireshark. Do you know what they are?","connection_info":null,"max_attempts":0,"value":100,"category":"Miscellaneous","type":"standard","state":"visible","requirements":null},{"id":10,"name":"Where Flag?","description":"![](/files/92bb702b7102f38ef165db1d5abb66a2/where_flag_meme.jpg)\r\n\r\nYou can connect to the challenge here:","connection_info":"nc 20.219.137.184 34899","max_attempts":0,"value":50,"category":"Miscellaneous","type":"standard","state":"visible","requirements":null},{"id":11,"name":"Flag Validator","description":"A simple application that validates your flag.","connection_info":null,"max_attempts":0,"value":150,"category":"Reverse Engineering","type":"standard","state":"visible","requirements":null},{"id":12,"name":"Flag Validator v2","description":"The Flag validator is back. This time it may get a \"bit\" tricky.","connection_info":null,"max_attempts":0,"value":400,"category":"Reverse Engineering","type":"standard","state":"visible","requirements":null},{"id":13,"name":"Super Computer","description":"I will make no attempts to hide the flag this time. This program will simply print the flag for you. \r\n\r\nPS: I heard that there's a High Performance Computing cluster at IITGn","connection_info":null,"max_attempts":0,"value":250,"category":"Reverse Engineering","type":"standard","state":"visible","requirements":null},{"id":14,"name":"n00b crypto","description":"I have seen 1 blog post on cryptography and I am ready to implement unbreakable superior crypto algorithms! Honestly, this stuff is very easy. The implementation is so strong, I am even sharing my algorithm with everyone!","connection_info":null,"max_attempts":0,"value":200,"category":"Reverse Engineering","type":"standard","state":"visible","requirements":null},{"id":15,"name":"Data Breach","description":"Alert! Our server's sensitive data has been breached. How did they manage to breach our system? Here is the application, please help us figure it out!\r\n\r\nConnect to the challenge using:","connection_info":"nc 20.219.137.184 13371","max_attempts":0,"value":150,"category":"Binary Exploitation","type":"standard","state":"visible","requirements":null},{"id":16,"name":"Domestic Canary","description":"The domestic canary is a very cute bird. I quite like it. You should know about it too! \r\n\r\nConnect to the challenge using: ","connection_info":"nc 20.219.137.184 13372","max_attempts":0,"value":400,"category":"Binary Exploitation","type":"standard","state":"visible","requirements":null},{"id":17,"name":"Emotion Overflow","description":"Hey hey hey! I am not emotional okay! So don't try to overflow me.\r\n\r\nConnect to the challenge using:","connection_info":"nc 20.219.137.184 13373","max_attempts":0,"value":250,"category":"Binary Exploitation","type":"standard","state":"visible","requirements":null},{"id":18,"name":"Game of Thrones","description":"I will be honest. I haven't watched Game Of Thrones (please don't socially ban me). What are your thoughts on it? ","connection_info":"nc 20.219.137.184 13374","max_attempts":0,"value":500,"category":"Binary Exploitation","type":"standard","state":"visible","requirements":null},{"id":19,"name":"Return to Home","description":"You may have been lost, you need to return to your home immediately. Give us your address and we will inform the authorities!","connection_info":"nc 20.219.137.184 13375","max_attempts":0,"value":800,"category":"Binary Exploitation","type":"standard","state":"visible","requirements":null},{"id":20,"name":"Safe Bank","description":"The safest bank you'll ever use is here! Everyone is treated equally here, though some people are treated more equally.","connection_info":"nc 20.219.137.184 13376","max_attempts":0,"value":150,"category":"Binary Exploitation","type":"standard","state":"visible","requirements":null},{"id":21,"name":"Hacker Hut","description":"We train the best hackers in the world here. You have to pass a test to get in here. Dont worry, its not too hard.","connection_info":"nc 20.219.137.184 34900","max_attempts":0,"value":200,"category":"Cryptography","type":"standard","state":"visible","requirements":null}],"meta":{}}