{"count":29,"results":[{"id":1,"type":"standard","location":"349e4eb3672ecc0e9dcf712970c4e670/CTF_Logo.png","challenge_id":null,"page_id":null},{"id":2,"type":"standard","location":"d6cc93ffd65254286b24e8a45d55f688/CTF_Logo.png","challenge_id":null,"page_id":null},{"id":3,"type":"standard","location":"db8e63461f7176c79a659bcfc0455aa9/HR_LOGO.png","challenge_id":null,"page_id":null},{"id":4,"type":"standard","location":"fedaea64dcb0a3abc8337ee23e006533/CTF_Logo_2.png","challenge_id":null,"page_id":null},{"id":5,"type":"standard","location":"a583162407c825e7409efc370834d7e2/CTF_Small_Logo.png","challenge_id":null,"page_id":null},{"id":6,"type":"standard","location":"5642c28b516c919cad6668de1a45bbb2/CTF_Small_Logo.png","challenge_id":null,"page_id":null},{"id":7,"type":"standard","location":"031bd5ecd63ebf8f43de5a4a2d3bec27/CTF_Logo_black_on_white.png","challenge_id":null,"page_id":null},{"id":8,"type":"standard","location":"1114f5aecffd5145ec328b70a1e3fcae/CTF_Logo.png","challenge_id":null,"page_id":null},{"id":9,"type":"standard","location":"5fb1e666d21b6c33903f39aca4d8f3aa/CTF_Short_Logo.png","challenge_id":null,"page_id":null},{"id":10,"type":"challenge","location":"567df468a3ffc2525e4d2bcdb17c058b/Military_Grade_Encryption.py","challenge_id":1,"page_id":null},{"id":11,"type":"challenge","location":"2e0b8be6885a63381d7494a801c5d3da/Really_Simple_Algorithm.py","challenge_id":2,"page_id":null},{"id":12,"type":"challenge","location":"dc3a1ce55d7e587723a006d9a8a3c340/Safety_x2.py","challenge_id":3,"page_id":null},{"id":13,"type":"challenge","location":"02282dfe3bffeb39de282c7eb4a20ae6/So_Many_Primes.py","challenge_id":4,"page_id":null},{"id":14,"type":"challenge","location":"3d9a5ef54ece1667db807958d93329ac/Truly_Random.py","challenge_id":5,"page_id":null},{"id":15,"type":"challenge","location":"7b3cfd2154bbaac0a51eb97e15746e5b/cool_buildings.jpg","challenge_id":7,"page_id":null},{"id":16,"type":"challenge","location":"21da405184ea401c7c787803f8a441fb/onion.zip","challenge_id":8,"page_id":null},{"id":17,"type":"challenge","location":"f241da3d8aa10165c047f5040c57c81d/Sniff_Sniff.pcapng","challenge_id":9,"page_id":null},{"id":18,"type":"challenge","location":"b10182e1b9d247685c8c61a85231e044/Flag_Validator","challenge_id":11,"page_id":null},{"id":19,"type":"challenge","location":"249d05f6b9d0410f8858c6d8dc3dbd06/Flag_Validator_v2","challenge_id":12,"page_id":null},{"id":20,"type":"challenge","location":"246bf92caf17407066447f00e4620e1d/Super_Computer","challenge_id":13,"page_id":null},{"id":21,"type":"challenge","location":"9c0bbd936b17846b92e38ffc9f638da0/n00b_Crypto","challenge_id":14,"page_id":null},{"id":23,"type":"challenge","location":"89ce207bce4c8599941a9bebc7ea5055/Domestic_Canary","challenge_id":16,"page_id":null},{"id":24,"type":"challenge","location":"88b1d07c0e1499f09878b3d792d437d6/Emotion_Overflow","challenge_id":17,"page_id":null},{"id":25,"type":"challenge","location":"7fe54e3a3dca66c164c8aed58477e7c0/Game_Of_Thrones","challenge_id":18,"page_id":null},{"id":26,"type":"challenge","location":"c09fc0102f5bf8f35d38a4e2e2ce3623/Return_To_Home","challenge_id":19,"page_id":null},{"id":27,"type":"challenge","location":"67db97307769cdf3472ba89a81b48ab9/Safe_Bank","challenge_id":20,"page_id":null},{"id":28,"type":"page","location":"92bb702b7102f38ef165db1d5abb66a2/where_flag_meme.jpg","challenge_id":null,"page_id":null},{"id":29,"type":"challenge","location":"dabbd79fb66b76bbc8d202cd228b276c/Hacker_Hut.py","challenge_id":21,"page_id":null},{"id":30,"type":"challenge","location":"9e19e34fa37ad6237fd00b2951acba90/Data_Breach","challenge_id":15,"page_id":null}],"meta":{}}