{"count":21,"results":[{"id":1,"challenge_id":1,"type":"static","content":"HackRushCTF{3471NG_oNe_Bite_At_@_T1m3}","data":""},{"id":2,"challenge_id":2,"type":"static","content":"HackRushCTF{R5a_1S_7HaT_$1MPL3??}","data":""},{"id":3,"challenge_id":3,"type":"static","content":"HackRushCTF{DOuBLe_1$_no7_alWay5_b3t7ER}","data":""},{"id":4,"challenge_id":4,"type":"static","content":"HackRushCTF{DOnt_REU$E_PrIm3S}","data":""},{"id":5,"challenge_id":5,"type":"static","content":"HackRushCTF{3verY7h1nG_I5_Not_TRULY_r@NDOM}","data":""},{"id":6,"challenge_id":6,"type":"static","content":"HackRushCTF{WE1cOME_70_H4ckRu5hCTF}","data":""},{"id":7,"challenge_id":7,"type":"static","content":"HackRushCTF{so_ManY_pl4ces_T0_hIde_in_1mA6e5}","data":""},{"id":8,"challenge_id":8,"type":"static","content":"HackRushCTF{7hE_rAb17_hoL3_GOeS_dEE33p}","data":""},{"id":9,"challenge_id":9,"type":"static","content":"HackRushCTF{K3y804rD_keyS_c4N_be_taPpED}","data":""},{"id":10,"challenge_id":10,"type":"static","content":"HackRushCTF{SometIM3s_stUFf_I5_H1DD3n_1n_pLAIn_519ht}","data":""},{"id":11,"challenge_id":11,"type":"static","content":"HackRushCTF{s1mple_REv}","data":""},{"id":12,"challenge_id":12,"type":"static","content":"HackRushCTF{1_siNcEr31Y_h0pE_you_d1DN7_So1ve_th1S_m4nu4llY_if_yes_p13aSe_13Arn_a8Out_5At_SO1VeR5_985483489Y349Y8T89T4}","data":""},{"id":13,"challenge_id":13,"type":"static","content":"HackRushCTF{GDB_Is_V3rY_p0wErFUL}","data":""},{"id":14,"challenge_id":14,"type":"static","content":"HackRushCTF{You_5h0U1dn7_Impl3M3nT_Crypto}","data":""},{"id":15,"challenge_id":15,"type":"static","content":"HackRushCTF{F0rM47_57rInGS_CaN_Le4k_1NFoRM4TiON}","data":""},{"id":16,"challenge_id":16,"type":"static","content":"HackRushCTF{tHe_caNarY_DOE5_n0T_ALw4ys_pR0TeCt_You}","data":""},{"id":17,"challenge_id":17,"type":"static","content":"HackRushCTF{YoU_m4NAgeD_to_p3Rf0Rm_A_BufFEr_0vErf1oW_CoN6RAT5}","data":""},{"id":18,"challenge_id":18,"type":"static","content":"HackRushCTF{GOT_15_pr37ty_epIC}","data":""},{"id":19,"challenge_id":19,"type":"static","content":"HackRushCTF{5O_yOu_fiNaLly_RetuRNEd_2_L1BC}","data":""},{"id":20,"challenge_id":20,"type":"static","content":"HackRushCTF{TAke_CAR3_Of_your_da74_Type5}","data":""},{"id":21,"challenge_id":21,"type":"static","content":"HackRushCTF{us3_HM4c_fOR_Si6NATUre_veRiFicATion}","data":""}],"meta":{}}