{"count":1,"results":[{"id":1,"title":"None","route":"index","content":"<link rel=\"stylesheet\" href=\"https://cdnjs.cloudflare.com/ajax/libs/font-awesome/6.1.1/css/all.min.css\">\r\n<div class=\"row\">\r\n    <div class=\"col-md-6 offset-md-3\">\r\n        <img class=\"w-100 mx-auto d-block\" style=\"max-width: 500px;padding: 50px;padding-top: 14vh;\" src=\"/files/1114f5aecffd5145ec328b70a1e3fcae/CTF_Logo.png\" />\r\n        <h3 class=\"text-center\">\r\n            <p>Welcome to HackRushCTF!</p>\r\n      </h3>\r\n      <p class=\"h5 text-center\">HackRushCTF is a beginner friendly CTF i.e. you don\u2019t need to have any prior knowledge in this field to participate. The only prerequisite is an interest in learning.</p>\r\n      <h3 class=\"text-center pt-4\">\r\n          <p>Join the Discord server here:</p>\r\n            <a href=\"https://discord.gg/VRmBB6fMYG\"><i class=\"fa-brands fa-discord fa-2x\" aria-hidden=\"true\"></i></a>&nbsp;\r\n        </h3> \r\n        <br>\r\n        <h4 class=\"text-center\">\r\n            <a href=\"register\">Click here</a> to register for the CTF\r\n        </h4>\r\n    </div>\r\n</div>","draft":false,"hidden":false,"auth_required":false,"format":"markdown"}],"meta":{}}