{"count":113,"results":[{"id":3,"challenge_id":6,"user_id":4,"team_id":2},{"id":5,"challenge_id":2,"user_id":2,"team_id":5},{"id":19,"challenge_id":6,"user_id":5,"team_id":3},{"id":28,"challenge_id":2,"user_id":4,"team_id":2},{"id":36,"challenge_id":10,"user_id":9,"team_id":2},{"id":38,"challenge_id":6,"user_id":18,"team_id":12},{"id":53,"challenge_id":6,"user_id":7,"team_id":4},{"id":57,"challenge_id":6,"user_id":21,"team_id":13},{"id":61,"challenge_id":6,"user_id":14,"team_id":6},{"id":63,"challenge_id":6,"user_id":23,"team_id":14},{"id":72,"challenge_id":10,"user_id":21,"team_id":13},{"id":74,"challenge_id":6,"user_id":13,"team_id":11},{"id":101,"challenge_id":6,"user_id":27,"team_id":16},{"id":131,"challenge_id":6,"user_id":37,"team_id":21},{"id":158,"challenge_id":8,"user_id":4,"team_id":2},{"id":207,"challenge_id":10,"user_id":15,"team_id":9},{"id":223,"challenge_id":6,"user_id":33,"team_id":18},{"id":235,"challenge_id":6,"user_id":49,"team_id":8},{"id":238,"challenge_id":6,"user_id":32,"team_id":23},{"id":250,"challenge_id":8,"user_id":42,"team_id":22},{"id":266,"challenge_id":2,"user_id":21,"team_id":13},{"id":282,"challenge_id":8,"user_id":37,"team_id":21},{"id":286,"challenge_id":10,"user_id":24,"team_id":11},{"id":304,"challenge_id":10,"user_id":43,"team_id":21},{"id":328,"challenge_id":6,"user_id":36,"team_id":20},{"id":329,"challenge_id":2,"user_id":33,"team_id":18},{"id":354,"challenge_id":2,"user_id":50,"team_id":25},{"id":357,"challenge_id":8,"user_id":24,"team_id":11},{"id":363,"challenge_id":10,"user_id":18,"team_id":12},{"id":370,"challenge_id":2,"user_id":43,"team_id":21},{"id":391,"challenge_id":10,"user_id":38,"team_id":22},{"id":412,"challenge_id":21,"user_id":2,"team_id":5},{"id":418,"challenge_id":2,"user_id":42,"team_id":22},{"id":444,"challenge_id":9,"user_id":4,"team_id":2},{"id":445,"challenge_id":10,"user_id":23,"team_id":14},{"id":448,"challenge_id":8,"user_id":48,"team_id":25},{"id":449,"challenge_id":15,"user_id":37,"team_id":21},{"id":458,"challenge_id":6,"user_id":55,"team_id":26},{"id":459,"challenge_id":6,"user_id":48,"team_id":25},{"id":460,"challenge_id":6,"user_id":2,"team_id":5},{"id":486,"challenge_id":7,"user_id":4,"team_id":2},{"id":527,"challenge_id":2,"user_id":54,"team_id":23},{"id":531,"challenge_id":8,"user_id":11,"team_id":10},{"id":534,"challenge_id":9,"user_id":38,"team_id":22},{"id":535,"challenge_id":15,"user_id":4,"team_id":2},{"id":536,"challenge_id":2,"user_id":15,"team_id":9},{"id":538,"challenge_id":2,"user_id":10,"team_id":6},{"id":539,"challenge_id":8,"user_id":51,"team_id":23},{"id":542,"challenge_id":2,"user_id":24,"team_id":11},{"id":543,"challenge_id":10,"user_id":46,"team_id":16},{"id":544,"challenge_id":10,"user_id":48,"team_id":25},{"id":546,"challenge_id":10,"user_id":2,"team_id":5},{"id":547,"challenge_id":8,"user_id":2,"team_id":5},{"id":548,"challenge_id":8,"user_id":18,"team_id":12},{"id":550,"challenge_id":8,"user_id":7,"team_id":4},{"id":551,"challenge_id":10,"user_id":41,"team_id":18},{"id":552,"challenge_id":8,"user_id":15,"team_id":9},{"id":556,"challenge_id":9,"user_id":18,"team_id":12},{"id":559,"challenge_id":2,"user_id":18,"team_id":12},{"id":565,"challenge_id":8,"user_id":33,"team_id":18},{"id":567,"challenge_id":11,"user_id":42,"team_id":22},{"id":568,"challenge_id":6,"user_id":38,"team_id":22},{"id":569,"challenge_id":10,"user_id":54,"team_id":23},{"id":571,"challenge_id":21,"user_id":32,"team_id":23},{"id":572,"challenge_id":21,"user_id":33,"team_id":18},{"id":582,"challenge_id":8,"user_id":19,"team_id":16},{"id":585,"challenge_id":11,"user_id":15,"team_id":9},{"id":591,"challenge_id":4,"user_id":55,"team_id":26},{"id":592,"challenge_id":4,"user_id":18,"team_id":12},{"id":593,"challenge_id":2,"user_id":46,"team_id":16},{"id":594,"challenge_id":7,"user_id":38,"team_id":22},{"id":595,"challenge_id":15,"user_id":38,"team_id":22},{"id":609,"challenge_id":6,"user_id":65,"team_id":31},{"id":610,"challenge_id":11,"user_id":24,"team_id":11},{"id":615,"challenge_id":10,"user_id":65,"team_id":31},{"id":616,"challenge_id":2,"user_id":65,"team_id":31},{"id":618,"challenge_id":2,"user_id":25,"team_id":14},{"id":625,"challenge_id":11,"user_id":2,"team_id":5},{"id":629,"challenge_id":1,"user_id":4,"team_id":2},{"id":630,"challenge_id":3,"user_id":18,"team_id":12},{"id":634,"challenge_id":8,"user_id":21,"team_id":13},{"id":636,"challenge_id":15,"user_id":24,"team_id":11},{"id":638,"challenge_id":9,"user_id":21,"team_id":13},{"id":644,"challenge_id":10,"user_id":55,"team_id":26},{"id":654,"challenge_id":21,"user_id":4,"team_id":2},{"id":656,"challenge_id":2,"user_id":55,"team_id":26},{"id":669,"challenge_id":1,"user_id":18,"team_id":12},{"id":697,"challenge_id":11,"user_id":37,"team_id":21},{"id":709,"challenge_id":9,"user_id":22,"team_id":10},{"id":710,"challenge_id":21,"user_id":18,"team_id":12},{"id":716,"challenge_id":7,"user_id":27,"team_id":16},{"id":717,"challenge_id":9,"user_id":37,"team_id":21},{"id":722,"challenge_id":7,"user_id":22,"team_id":10},{"id":723,"challenge_id":7,"user_id":18,"team_id":12},{"id":725,"challenge_id":5,"user_id":18,"team_id":12},{"id":726,"challenge_id":8,"user_id":25,"team_id":14},{"id":730,"challenge_id":12,"user_id":42,"team_id":22},{"id":731,"challenge_id":6,"user_id":17,"team_id":10},{"id":732,"challenge_id":3,"user_id":37,"team_id":21},{"id":733,"challenge_id":10,"user_id":17,"team_id":10},{"id":735,"challenge_id":6,"user_id":64,"team_id":30},{"id":736,"challenge_id":2,"user_id":22,"team_id":10},{"id":737,"challenge_id":15,"user_id":18,"team_id":12},{"id":739,"challenge_id":21,"user_id":45,"team_id":22},{"id":740,"challenge_id":11,"user_id":18,"team_id":12},{"id":744,"challenge_id":15,"user_id":23,"team_id":14},{"id":754,"challenge_id":2,"user_id":49,"team_id":8},{"id":755,"challenge_id":4,"user_id":42,"team_id":22},{"id":804,"challenge_id":11,"user_id":47,"team_id":16},{"id":805,"challenge_id":7,"user_id":43,"team_id":21},{"id":831,"challenge_id":9,"user_id":47,"team_id":16},{"id":832,"challenge_id":1,"user_id":38,"team_id":22},{"id":844,"challenge_id":9,"user_id":23,"team_id":14}],"meta":{}}