{"count":33,"results":[{"id":1,"oauth_id":null,"name":"shanks","email":null,"password":"$bcrypt-sha256$2b,12$ZeQ5AXIvcxk4Z0rWSFWkPe$KsVl971Kzw716gwHUoY2l9rW/HhUvzW","secret":null,"website":null,"affiliation":null,"country":null,"bracket":null,"hidden":true,"banned":false,"captain_id":1,"created":"2022-03-23T18:24:23.547364"},{"id":2,"oauth_id":null,"name":"weAreGoingToLose","email":null,"password":"$bcrypt-sha256$2b,12$GULSiqDArUcfm0jYqnQ3HO$y1kFCBnRgp.AiqlYqMiqwRZEU1pa/lS","secret":null,"website":null,"affiliation":null,"country":null,"bracket":null,"hidden":false,"banned":false,"captain_id":4,"created":"2022-03-25T16:01:36.472699"},{"id":3,"oauth_id":null,"name":"Nezuko","email":null,"password":"$bcrypt-sha256$2b,12$VK5eJV6f9cfm8dLg2Fuf3e$M9sbVNM2uGHgRBM5G.eNgMh4aUp5SXa","secret":null,"website":null,"affiliation":null,"country":null,"bracket":null,"hidden":false,"banned":false,"captain_id":5,"created":"2022-03-25T16:01:50.289599"},{"id":4,"oauth_id":null,"name":"Orange Juice","email":null,"password":"$bcrypt-sha256$2b,12$d6x8i6E1aFM3ksfF0XedA.$OHHrKsCVHystIMDfhiZMOPBADOzfgtu","secret":null,"website":"","affiliation":"","country":"","bracket":null,"hidden":false,"banned":false,"captain_id":7,"created":"2022-03-25T16:02:04.384949"},{"id":5,"oauth_id":null,"name":"Cyberbot","email":null,"password":"$bcrypt-sha256$2b,12$NfuIaSCR3WIOotMaeY/HDO$oFb.M.6GzLhalFgw7NSGztCCq/hiYGi","secret":null,"website":null,"affiliation":null,"country":null,"bracket":null,"hidden":false,"banned":false,"captain_id":2,"created":"2022-03-25T16:02:11.525179"},{"id":6,"oauth_id":null,"name":"Cicada 3301","email":null,"password":"$bcrypt-sha256$2b,12$ca86i7QB1AOTQM2zs7rvQ.$Jj7FTLaHRJvDLwZDn1jVEpYMe8xCUU.","secret":null,"website":null,"affiliation":null,"country":null,"bracket":null,"hidden":false,"banned":false,"captain_id":10,"created":"2022-03-25T16:03:17.420120"},{"id":7,"oauth_id":null,"name":"BelugoBoo","email":null,"password":"$bcrypt-sha256$2b,12$4BJLgKfCHt0g3v1irL1e9.$elDJi..xWvk2Ixr8ZteM7oM7gXi4NwW","secret":null,"website":null,"affiliation":null,"country":null,"bracket":null,"hidden":false,"banned":false,"captain_id":12,"created":"2022-03-25T16:03:35.471839"},{"id":8,"oauth_id":null,"name":"Team Four","email":null,"password":"$bcrypt-sha256$2b,12$XfpI/uEeEk5FaH82K2Opx.$8bpTYkmNveLWu.RtmqRp1eTPh9VisWm","secret":null,"website":null,"affiliation":null,"country":null,"bracket":null,"hidden":false,"banned":false,"captain_id":6,"created":"2022-03-25T16:03:41.545511"},{"id":9,"oauth_id":null,"name":"\"beware of the black swan\"","email":null,"password":"$bcrypt-sha256$2b,12$VPqndA/BOpvQNlWHUSDX5u$t4ek9CQR9poHZm5rqptaAvKae2fbGsG","secret":null,"website":null,"affiliation":null,"country":null,"bracket":null,"hidden":false,"banned":false,"captain_id":15,"created":"2022-03-25T16:05:50.329964"},{"id":10,"oauth_id":null,"name":"Anon_Lmao","email":null,"password":"$bcrypt-sha256$2b,12$e6rcRS063eFOz29b.PlPG.$0gqkC8ZfYC434ASAFDqXwFmK8VQvSii","secret":null,"website":null,"affiliation":null,"country":null,"bracket":null,"hidden":false,"banned":false,"captain_id":11,"created":"2022-03-25T16:06:21.618544"},{"id":11,"oauth_id":null,"name":"NotHereToWin","email":null,"password":"$bcrypt-sha256$2b,12$Oftn5A6QaLpShr9IMP2qUu$7tlGSex0aEsukjD3K9AS9ZfASB2mf7C","secret":null,"website":null,"affiliation":null,"country":null,"bracket":null,"hidden":false,"banned":false,"captain_id":13,"created":"2022-03-25T16:09:58.215154"},{"id":12,"oauth_id":null,"name":"FooBar","email":null,"password":"$bcrypt-sha256$2b,12$/J/ToN9vKtOPMk7MF3vDLO$AfITng63aNB9MWRo.Oqlkhx93B7yvLm","secret":null,"website":null,"affiliation":null,"country":null,"bracket":null,"hidden":false,"banned":false,"captain_id":18,"created":"2022-03-25T16:14:54.758300"},{"id":13,"oauth_id":null,"name":"noobs","email":null,"password":"$bcrypt-sha256$2b,12$FdFatyGHt.BAYyjZnoiOFO$RRyjV/L.H9/CwQswQR0GGXoxmENUwfS","secret":null,"website":null,"affiliation":null,"country":null,"bracket":null,"hidden":false,"banned":false,"captain_id":21,"created":"2022-03-25T16:15:58.336007"},{"id":14,"oauth_id":null,"name":"CTFnoobs","email":null,"password":"$bcrypt-sha256$2b,12$g43cjrLBjtwsDSDxucN9he$pFw/HenzpO6g64LMIPC5XspXfzhu2XC","secret":null,"website":null,"affiliation":null,"country":null,"bracket":null,"hidden":false,"banned":false,"captain_id":23,"created":"2022-03-25T16:20:54.250748"},{"id":15,"oauth_id":null,"name":"LoneTiger","email":null,"password":"$bcrypt-sha256$2b,12$uChArv4ckP6sfP1Dbs1yje$5zhoQHZvPJL5H19OM0U5gSBRQGwbpm6","secret":null,"website":null,"affiliation":null,"country":null,"bracket":null,"hidden":false,"banned":false,"captain_id":26,"created":"2022-03-25T16:23:29.038647"},{"id":16,"oauth_id":null,"name":"multiplexers","email":null,"password":"$bcrypt-sha256$2b,12$MWC2fkS32OMqfXRQPmJmOe$n7I79Di5W.A0UQ4ruAnc2kPzmJaCm3C","secret":null,"website":null,"affiliation":null,"country":null,"bracket":null,"hidden":false,"banned":false,"captain_id":19,"created":"2022-03-25T16:26:09.079124"},{"id":17,"oauth_id":null,"name":"hacker_nerds","email":null,"password":"$bcrypt-sha256$2b,12$Tvq3tKOOf7O2YnEWSgc40O$qjrAd9JYGcyRQST7Nq/3JWVBN243pby","secret":null,"website":null,"affiliation":null,"country":null,"bracket":null,"hidden":false,"banned":false,"captain_id":30,"created":"2022-03-25T16:29:36.360300"},{"id":18,"oauth_id":null,"name":"StagEntry1","email":null,"password":"$bcrypt-sha256$2b,12$G1la5aHMz5dykoV/w8.Xtu$wOZs5XuMp.pB7kicpjZIFJtPHOkiHUW","secret":null,"website":null,"affiliation":null,"country":null,"bracket":null,"hidden":false,"banned":false,"captain_id":31,"created":"2022-03-25T16:33:32.623063"},{"id":19,"oauth_id":null,"name":"Amigos","email":null,"password":"$bcrypt-sha256$2b,12$aCTfk6Lk6/gPOteOnjFUJO$sRe4mUrk16EQrir.oaUzQyPJW/TEAxa","secret":null,"website":null,"affiliation":null,"country":null,"bracket":null,"hidden":false,"banned":false,"captain_id":35,"created":"2022-03-25T16:36:18.317885"},{"id":20,"oauth_id":null,"name":"idk","email":null,"password":"$bcrypt-sha256$2b,12$uxksXFPFj45tGayBOC2sR.$iV.1L0J/nth9nmpBsKlfYBliJxEI9WW","secret":null,"website":null,"affiliation":null,"country":null,"bracket":null,"hidden":false,"banned":false,"captain_id":36,"created":"2022-03-25T16:37:46.158255"},{"id":21,"oauth_id":null,"name":"C0d3Br34k3r5","email":null,"password":"$bcrypt-sha256$2b,12$icdhlt7.egfWs0W9wYmcv.$ndDkEHPEPDefeBHbdPydNfyAYIA2j7.","secret":null,"website":null,"affiliation":null,"country":null,"bracket":null,"hidden":false,"banned":false,"captain_id":37,"created":"2022-03-25T16:39:31.081935"},{"id":22,"oauth_id":null,"name":"TrapGame","email":null,"password":"$bcrypt-sha256$2b,12$bIUjEXMiPv6IedS0O0TS4.$SS.WN/fYP7WSNaqwy/Ekp8EQJfhbfX6","secret":null,"website":null,"affiliation":null,"country":null,"bracket":null,"hidden":false,"banned":false,"captain_id":38,"created":"2022-03-25T16:39:53.442549"},{"id":23,"oauth_id":null,"name":"MainBreadHu","email":null,"password":"$bcrypt-sha256$2b,12$8p.ZlXSl43Af1oMMc7IfNO$q75iCnCgJMAp2ZDg4OnNRSxx28pSYUy","secret":null,"website":null,"affiliation":null,"country":null,"bracket":null,"hidden":false,"banned":false,"captain_id":32,"created":"2022-03-25T16:44:26.529396"},{"id":24,"oauth_id":null,"name":"Darth Coders","email":null,"password":"$bcrypt-sha256$2b,12$IbZ1iDfkvWYfUGP3LeRbHu$iKIamArl3aAS.fUtjcO5ub9sIXJFINi","secret":null,"website":null,"affiliation":null,"country":null,"bracket":null,"hidden":false,"banned":false,"captain_id":8,"created":"2022-03-25T16:54:14.185156"},{"id":25,"oauth_id":null,"name":"badeLog","email":null,"password":"$bcrypt-sha256$2b,12$kuKz4ULqlhUu1mksFTD5h.$Inlvdym32ZJUjMPQyfo8DrNQuBWRztu","secret":null,"website":null,"affiliation":null,"country":null,"bracket":null,"hidden":false,"banned":false,"captain_id":53,"created":"2022-03-25T17:30:26.058924"},{"id":26,"oauth_id":null,"name":"LiveOverflow","email":null,"password":"$bcrypt-sha256$2b,12$YAe4VdAmiVFzECG/.9X72e$J4YGIhzn9j9YW9D4eNN9hVHwc/sOlVm","secret":null,"website":null,"affiliation":null,"country":null,"bracket":null,"hidden":false,"banned":false,"captain_id":55,"created":"2022-03-25T18:08:46.179923"},{"id":27,"oauth_id":null,"name":"Russians","email":null,"password":"$bcrypt-sha256$2b,12$dHxZsoQMoT2cESMQK0DoCO$WVirSGa44FzSpVDWaqhj1eML2iM79XK","secret":null,"website":null,"affiliation":null,"country":null,"bracket":null,"hidden":false,"banned":false,"captain_id":60,"created":"2022-03-25T18:21:57.341577"},{"id":28,"oauth_id":null,"name":"Noobs_Dev","email":null,"password":"$bcrypt-sha256$2b,12$AmD.5D1v.PI5I7yI56etze$ASu/8OTdSVNFuubKPNC5QXx/qOH4wB.","secret":null,"website":null,"affiliation":null,"country":null,"bracket":null,"hidden":false,"banned":false,"captain_id":52,"created":"2022-03-25T19:20:42.168394"},{"id":29,"oauth_id":null,"name":"pizza","email":null,"password":"$bcrypt-sha256$2b,12$uVnO1aFLMIK/7lDkpAYLEu$PnYc7hovmidHgismxESgMjGazC3epta","secret":null,"website":null,"affiliation":null,"country":null,"bracket":null,"hidden":false,"banned":false,"captain_id":63,"created":"2022-03-25T20:09:13.668019"},{"id":30,"oauth_id":null,"name":"alpha_run","email":null,"password":"$bcrypt-sha256$2b,12$zLvoN7T13jwjamhgVH6FsO$oaVDHMul2hWwi22TezPAhYNc4x34AVe","secret":null,"website":null,"affiliation":null,"country":null,"bracket":null,"hidden":false,"banned":false,"captain_id":64,"created":"2022-03-26T04:09:53.395983"},{"id":31,"oauth_id":null,"name":"iknowtransistor","email":null,"password":"$bcrypt-sha256$2b,12$l9F3bPSoEI6oC6Nxsxq4ge$I1vh1cWPOSa27KkROBxFUNMggtbnBhy","secret":null,"website":null,"affiliation":null,"country":null,"bracket":null,"hidden":false,"banned":false,"captain_id":65,"created":"2022-03-26T04:35:37.629436"},{"id":32,"oauth_id":null,"name":"Ghumlo","email":null,"password":"$bcrypt-sha256$2b,12$ugC4UV/cf35CAmiYCvqA2O$spkFB6ox62m1lLYA6UPkC2Q7sjbMPtO","secret":null,"website":null,"affiliation":null,"country":null,"bracket":null,"hidden":false,"banned":false,"captain_id":67,"created":"2022-03-26T07:02:02.348911"},{"id":33,"oauth_id":null,"name":"Try","email":null,"password":"$bcrypt-sha256$2b,12$Y.eju1TdjCJWcIHcJL.h4e$iG2gdEpi8QcJI4TMkiz56/F3GJdqh86","secret":null,"website":null,"affiliation":null,"country":null,"bracket":null,"hidden":false,"banned":false,"captain_id":71,"created":"2022-03-27T04:43:26.318769"}],"meta":{}}