{"count":71,"results":[{"id":1,"oauth_id":null,"name":"shanks","password":"$bcrypt-sha256$2b,12$sD0Wl9MciGbKLVZAcyUS4u$Y6HBIgDVf7yLkNl03xsiEJhxNvFxcP6","email":"dishank.goel@iitgn.ac.in","type":"admin","secret":null,"website":null,"affiliation":null,"country":null,"bracket":null,"hidden":true,"banned":false,"verified":false,"team_id":1,"created":"2022-03-23T13:34:44.250954"},{"id":2,"oauth_id":null,"name":"alone","password":"$bcrypt-sha256$2b,12$JyXzEPEJuZhAySIOUPPAyu$BYpnRHYF/ke3xTcLHLqo.KGIN7C7Cz6","email":"neel.kirankumar@iitgn.ac.in","type":"user","secret":null,"website":null,"affiliation":null,"country":null,"bracket":null,"hidden":false,"banned":false,"verified":false,"team_id":5,"created":"2022-03-25T16:00:23.533175"},{"id":3,"oauth_id":null,"name":"trojanhorse","password":"$bcrypt-sha256$2b,12$UFF7Z.HgmDCJKXtvL0ReNu$Yc/Cy2PjzejkqHla5.YEKAnAjQeUnrO","email":"dhruv.patel1741@gmail.com","type":"user","secret":null,"website":null,"affiliation":null,"country":null,"bracket":null,"hidden":false,"banned":false,"verified":false,"team_id":6,"created":"2022-03-25T16:00:34.444864"},{"id":4,"oauth_id":null,"name":"flyingMango","password":"$bcrypt-sha256$2b,12$nEoPzcD1cQH5CyWfZA3pVe$n9ywX4mR2QAxmtJfPgltnvf.YGZptB.","email":"praveen.venkatesh@iitgn.ac.in","type":"user","secret":null,"website":null,"affiliation":null,"country":null,"bracket":null,"hidden":false,"banned":false,"verified":false,"team_id":2,"created":"2022-03-25T16:01:13.914308"},{"id":5,"oauth_id":null,"name":"Pikachu","password":"$bcrypt-sha256$2b,12$rEIZR/oosszjdb4GU2aDzO$E2WD780vH80RbqXb22Z5fVAU5zMle8u","email":"viramgami.g@iitgn.ac.in","type":"user","secret":null,"website":null,"affiliation":null,"country":null,"bracket":null,"hidden":false,"banned":false,"verified":false,"team_id":3,"created":"2022-03-25T16:01:27.778720"},{"id":6,"oauth_id":null,"name":"Pushpendra","password":"$bcrypt-sha256$2b,12$YX00FieQ9QIx//YakV0lve$UfvPEFn4WIB5x7Y.5GypDLKNaoYroRG","email":"pushpendra.pratap@iitgn.ac.in","type":"user","secret":null,"website":null,"affiliation":null,"country":null,"bracket":null,"hidden":false,"banned":false,"verified":false,"team_id":8,"created":"2022-03-25T16:01:30.887295"},{"id":7,"oauth_id":null,"name":"hrushti","password":"$bcrypt-sha256$2b,12$OTzm8xLuYtyaFFXv0qSoqe$//dmLEbjRNBM4DsrhDh0x/i0a/SOanC","email":"hrushti.n@iitgn.ac.in","type":"user","secret":null,"website":null,"affiliation":null,"country":null,"bracket":null,"hidden":false,"banned":false,"verified":false,"team_id":4,"created":"2022-03-25T16:01:34.326867"},{"id":8,"oauth_id":null,"name":"intello72","password":"$bcrypt-sha256$2b,12$Opy4612ycbdGy1lKdif6BO$nTbIpqes5Jr63nSkJks8Dh6Z3xfxVT.","email":"agarwalmihir@iitgn.ac.in","type":"user","secret":null,"website":null,"affiliation":null,"country":null,"bracket":null,"hidden":false,"banned":false,"verified":false,"team_id":24,"created":"2022-03-25T16:01:41.895444"},{"id":9,"oauth_id":null,"name":"define","password":"$bcrypt-sha256$2b,12$GN5GIkNkMhBd1uz1jT.HNu$VB9ENcYxDiO7HiwFCe/pbpTieOccs7y","email":"chris.francis@iitgn.ac.in","type":"user","secret":null,"website":null,"affiliation":null,"country":null,"bracket":null,"hidden":false,"banned":false,"verified":false,"team_id":2,"created":"2022-03-25T16:01:45.582020"},{"id":10,"oauth_id":null,"name":"Prey2413","password":"$bcrypt-sha256$2b,12$v8Kv9n7sLKVG/VXuTROgu.$XUsPlR3nsMDLjGY0dJ5WOuc9VEp9gOC","email":"patel.prey@iitgn.ac.in","type":"user","secret":null,"website":null,"affiliation":null,"country":null,"bracket":null,"hidden":false,"banned":false,"verified":false,"team_id":6,"created":"2022-03-25T16:02:26.555465"},{"id":11,"oauth_id":null,"name":"Dashlander","password":"$bcrypt-sha256$2b,12$k8GN3dQswXDG453Kl1rnhu$WXS3TaEmSWn14HIBtjpS8T278J.WVRa","email":"maheshtatar@iitgn.ac.in","type":"user","secret":null,"website":null,"affiliation":null,"country":null,"bracket":null,"hidden":false,"banned":false,"verified":false,"team_id":10,"created":"2022-03-25T16:02:51.483412"},{"id":12,"oauth_id":null,"name":"deadweight","password":"$bcrypt-sha256$2b,12$8in0bluGlEW3gKQfOCJmlO$n0IyVVXvWwd7xWFhEhRKAcbvAOYi7Nu","email":"progyan.das@iitgn.ac.in","type":"user","secret":null,"website":null,"affiliation":null,"country":null,"bracket":null,"hidden":false,"banned":false,"verified":false,"team_id":7,"created":"2022-03-25T16:02:56.467661"},{"id":13,"oauth_id":null,"name":"Sobian","password":"$bcrypt-sha256$2b,12$igtPZP/Jv40WeRvKU797/u$TNjxO1yFVExuuoMM9MDq8yLZxw8Z3Bi","email":"shubhampandit2308@gmail.com","type":"user","secret":null,"website":null,"affiliation":null,"country":null,"bracket":null,"hidden":false,"banned":false,"verified":false,"team_id":11,"created":"2022-03-25T16:03:04.071384"},{"id":14,"oauth_id":null,"name":"forensic24","password":"$bcrypt-sha256$2b,12$Q0vlmphnGYZG3TsqAj0o1u$BKUE2GrITX07/QSGgfVaCBUDss/K2jK","email":"shah.neel@iitgn.ac.in","type":"user","secret":null,"website":null,"affiliation":null,"country":null,"bracket":null,"hidden":false,"banned":false,"verified":false,"team_id":6,"created":"2022-03-25T16:04:47.718102"},{"id":15,"oauth_id":null,"name":"yadav_sachin","password":"$bcrypt-sha256$2b,12$OVd00Ag929QzFiHqMyrCDe$W3zUsW0flMC6nZzpcuFDETdXTCADK4a","email":"sachin.yadav@iitgn.ac.in","type":"user","secret":null,"website":null,"affiliation":null,"country":null,"bracket":null,"hidden":false,"banned":false,"verified":false,"team_id":9,"created":"2022-03-25T16:04:56.172734"},{"id":16,"oauth_id":null,"name":"Danny","password":"$bcrypt-sha256$2b,12$SjDCv5gLYoM5DfLQJX9KSO$a4FaQjZNCaNLtBQsLzebfpEnncNTXYS","email":"daniel.giftson@iitgn.ac.in","type":"user","secret":null,"website":null,"affiliation":null,"country":null,"bracket":null,"hidden":false,"banned":false,"verified":false,"team_id":8,"created":"2022-03-25T16:05:23.356087"},{"id":17,"oauth_id":null,"name":"Quant","password":"$bcrypt-sha256$2b,12$dcKQrTeAEWIcnUKDNajK1.$oeYFMBHOq7cVLkb9.CByx/TMb0hjI/.","email":"vengurlekarrudra@iitgn.ac.in","type":"user","secret":null,"website":null,"affiliation":null,"country":null,"bracket":null,"hidden":false,"banned":false,"verified":false,"team_id":10,"created":"2022-03-25T16:11:20.542398"},{"id":18,"oauth_id":null,"name":"AbhigyanMN","password":"$bcrypt-sha256$2b,12$x1zPcPEqLLSmbfYGl82os.$xVmIfCGnmHgRSCKITibWrfScucQ12qa","email":"abhigyan.mn@iitgn.ac.in","type":"user","secret":null,"website":null,"affiliation":null,"country":null,"bracket":null,"hidden":false,"banned":false,"verified":false,"team_id":12,"created":"2022-03-25T16:13:07.646351"},{"id":19,"oauth_id":null,"name":"anonymous_bad","password":"$bcrypt-sha256$2b,12$nk8Lp1l9bbbclQ2LPAjj..$ZqP7voyLh1gZXKU0Y9nz169k/y6pAC6","email":"dheeraj.yadav@iitgn.ac.in","type":"user","secret":null,"website":null,"affiliation":null,"country":null,"bracket":null,"hidden":false,"banned":false,"verified":false,"team_id":16,"created":"2022-03-25T16:14:51.656021"},{"id":20,"oauth_id":null,"name":"Chirag Sarda","password":"$bcrypt-sha256$2b,12$3b2GvOclmHn6ytZwtov3fO$TgVTWIB8oOmknsivEj.SHjSBCh.7VCG","email":"chirag.sarda@iitgn.ac.in","type":"user","secret":null,"website":null,"affiliation":null,"country":null,"bracket":null,"hidden":false,"banned":false,"verified":false,"team_id":null,"created":"2022-03-25T16:15:18.193982"},{"id":21,"oauth_id":null,"name":"whatsinaname","password":"$bcrypt-sha256$2b,12$XfddhWzm.ECppdB7GhF7nu$eaDBWFmnfdHBUKlYWLMXkKtiOsEpxMC","email":"gayatripriyadarsini@iitgn.ac.in","type":"user","secret":null,"website":null,"affiliation":null,"country":null,"bracket":null,"hidden":false,"banned":false,"verified":false,"team_id":13,"created":"2022-03-25T16:15:29.501167"},{"id":22,"oauth_id":null,"name":"htrit","password":"$bcrypt-sha256$2b,12$ZSSsuKwP6ah03cWtxvFuqu$SJ1O.OPKpBByYJQ7vM/GSQyje3wxsAq","email":"pateltirth@iitgn.ac.in","type":"user","secret":null,"website":null,"affiliation":null,"country":null,"bracket":null,"hidden":false,"banned":false,"verified":false,"team_id":10,"created":"2022-03-25T16:17:30.450436"},{"id":23,"oauth_id":null,"name":"JmpEsp","password":"$bcrypt-sha256$2b,12$B3G3R2TdysY.gw27Atw0te$/jnhy6T2gKjIdKBhubkQawna3x4Rl7y","email":"unadkatkeyur@iitgn.ac.in","type":"user","secret":null,"website":null,"affiliation":null,"country":null,"bracket":null,"hidden":false,"banned":false,"verified":false,"team_id":14,"created":"2022-03-25T16:17:34.598145"},{"id":24,"oauth_id":null,"name":"Pulkit","password":"$bcrypt-sha256$2b,12$SJfVC65qYpccWpLcUDdbxu$ZYU0AL3BsI0zWDi.p/8/4v.5K9kZf.u","email":"jain.pulkit@iitgn.ac.in","type":"user","secret":null,"website":null,"affiliation":null,"country":null,"bracket":null,"hidden":false,"banned":false,"verified":false,"team_id":11,"created":"2022-03-25T16:20:04.884240"},{"id":25,"oauth_id":null,"name":"Harshil10","password":"$bcrypt-sha256$2b,12$fgfIdUznla13ceyeo2tJvu$xaeD7GxA3IB14mI9/AmRl8edP0awB2a","email":"kaneriaharshil@iitgn.ac.in","type":"user","secret":null,"website":null,"affiliation":null,"country":null,"bracket":null,"hidden":false,"banned":false,"verified":false,"team_id":14,"created":"2022-03-25T16:23:02.429897"},{"id":26,"oauth_id":null,"name":"blacktiger","password":"$bcrypt-sha256$2b,12$WDxqcKpvzz90PbyBAa9VdO$iHH7pBasfydd8enO7bktjC2Sp5g2CbG","email":"barala.v@iitgn.ac.in","type":"user","secret":null,"website":null,"affiliation":null,"country":null,"bracket":null,"hidden":false,"banned":false,"verified":false,"team_id":15,"created":"2022-03-25T16:23:08.744499"},{"id":27,"oauth_id":null,"name":"Debug_master","password":"$bcrypt-sha256$2b,12$dmPGT4OqFzlKzxDhjZSMNO$A56JSf85/GwybS3crpVAl3Wet4z9Yke","email":"chiragsarda25@gmail.com","type":"user","secret":null,"website":null,"affiliation":null,"country":null,"bracket":null,"hidden":false,"banned":false,"verified":false,"team_id":16,"created":"2022-03-25T16:26:26.093316"},{"id":28,"oauth_id":null,"name":"Dishant Patel","password":"$bcrypt-sha256$2b,12$MMpmG/RSW0uT7BQAyw7uku$YjLWiQptKPiSedKGIku34HCrv3CIvLi","email":"patel.dishant@iitgn.ac.in","type":"user","secret":null,"website":null,"affiliation":null,"country":null,"bracket":null,"hidden":false,"banned":false,"verified":false,"team_id":17,"created":"2022-03-25T16:27:23.475994"},{"id":29,"oauth_id":null,"name":"Ashutosh Goyal","password":"$bcrypt-sha256$2b,12$iWwc3S/wooT2ZcMrAfj2Au$2bMUnU36ZBpO6ML0nEVoKjX.Zr8Efqe","email":"ashutosh.goyal@iitgn.ac.in","type":"user","secret":null,"website":null,"affiliation":null,"country":null,"bracket":null,"hidden":false,"banned":false,"verified":false,"team_id":17,"created":"2022-03-25T16:27:26.652713"},{"id":30,"oauth_id":null,"name":"Utkarsh Mittal","password":"$bcrypt-sha256$2b,12$p/F6evjA9bnU5xypnv5vC.$obc6PMx8EBcw65guod81oGOvtrg3na.","email":"utkarsh.mittal@iitgn.ac.in","type":"user","secret":null,"website":null,"affiliation":null,"country":null,"bracket":null,"hidden":false,"banned":false,"verified":false,"team_id":17,"created":"2022-03-25T16:28:07.704937"},{"id":31,"oauth_id":null,"name":"sleepyguyy","password":"$bcrypt-sha256$2b,12$xSwgQDpzysx86fFHjS9k3O$6iRBsSK794qmG3TTGGa9CQoqij38cJC","email":"suryansh.kumar@iitgn.ac.in","type":"user","secret":null,"website":null,"affiliation":null,"country":null,"bracket":null,"hidden":false,"banned":false,"verified":false,"team_id":18,"created":"2022-03-25T16:32:21.032949"},{"id":32,"oauth_id":null,"name":"DanzY","password":"$bcrypt-sha256$2b,12$8yHjR/IT6aza3BavqF3KFe$TbMEesFLo4BkRA4pgu9dywNHfgSv35m","email":"satyam.kumar@iitgn.ac.in","type":"user","secret":null,"website":null,"affiliation":null,"country":null,"bracket":null,"hidden":false,"banned":false,"verified":false,"team_id":23,"created":"2022-03-25T16:33:19.026186"},{"id":33,"oauth_id":null,"name":"flash221","password":"$bcrypt-sha256$2b,12$dltXoHg5qmM4dlxYUmf/VO$toBWdBqlI248IpHk2fHhnen8sJ1LzZy","email":"rahul.patel@iitgn.ac.in","type":"user","secret":null,"website":null,"affiliation":null,"country":null,"bracket":null,"hidden":false,"banned":false,"verified":false,"team_id":18,"created":"2022-03-25T16:34:07.655648"},{"id":34,"oauth_id":null,"name":"lihas","password":"$bcrypt-sha256$2b,12$7a2DeUym3UKa2fLv6eGvLO$P6tgInEA0wmeFvS9ZgzQ2uQ7GLsNWay","email":"sahil.ingale@iitgn.ac.in","type":"user","secret":null,"website":null,"affiliation":null,"country":null,"bracket":null,"hidden":false,"banned":false,"verified":false,"team_id":18,"created":"2022-03-25T16:34:51.506049"},{"id":35,"oauth_id":null,"name":"Akshat","password":"$bcrypt-sha256$2b,12$hLHk9sJ8.o/l.Tvf/5s8h.$Z26y4MKyTY1pIwh9LME1uMS8Us0WYdm","email":"akshat.mangal@iitgn.ac.in","type":"user","secret":null,"website":null,"affiliation":null,"country":null,"bracket":null,"hidden":false,"banned":false,"verified":false,"team_id":19,"created":"2022-03-25T16:35:48.443807"},{"id":36,"oauth_id":null,"name":"mrfire15","password":"$bcrypt-sha256$2b,12$6v/BX1biAdL8jS010t4AYu$cGGfVuWIz44YnGKce9P.1QC2022.6Ku","email":"mulpuri.m@iitgn.ac.in","type":"user","secret":null,"website":null,"affiliation":null,"country":null,"bracket":null,"hidden":false,"banned":false,"verified":false,"team_id":20,"created":"2022-03-25T16:37:21.347482"},{"id":37,"oauth_id":null,"name":"Harshit","password":"$bcrypt-sha256$2b,12$j17BBo3omCXhiOZp9TxiP.$3VZnwd97HIcZZbAmtev/av8eNK1m9Me","email":"ramolia.mh@iitgn.ac.in","type":"user","secret":null,"website":null,"affiliation":null,"country":null,"bracket":null,"hidden":false,"banned":false,"verified":false,"team_id":21,"created":"2022-03-25T16:37:23.516295"},{"id":38,"oauth_id":null,"name":"emperor18","password":"$bcrypt-sha256$2b,12$Cx.nUbs9wBHKiS5OAPnFB.$Ki3ZFTtvHxN7.a4oHmqSWOcu3bVjIV2","email":"viraj0605@gmail.com","type":"user","secret":null,"website":null,"affiliation":null,"country":null,"bracket":null,"hidden":false,"banned":false,"verified":false,"team_id":22,"created":"2022-03-25T16:38:48.117007"},{"id":39,"oauth_id":null,"name":"Nipun03","password":"$bcrypt-sha256$2b,12$cr2WiH9Qv2MUgXqYPEZPDu$8XUivC1zY8fPPTt9g72c/EEBCSxPjHq","email":"mahajan.n@iitgn.ac.in","type":"user","secret":null,"website":null,"affiliation":null,"country":null,"bracket":null,"hidden":false,"banned":false,"verified":false,"team_id":4,"created":"2022-03-25T16:39:01.717711"},{"id":40,"oauth_id":null,"name":"royal","password":"$bcrypt-sha256$2b,12$C8UtFYEoxfgfwbIEVoCCaO$ybTE9e/mcFdVgrmfzj2ncHcEGS2x9ce","email":"mohmmad.aslam@iitgn.ac.in","type":"user","secret":null,"website":null,"affiliation":null,"country":null,"bracket":null,"hidden":false,"banned":false,"verified":false,"team_id":19,"created":"2022-03-25T16:39:08.279128"},{"id":41,"oauth_id":null,"name":"silent_JS","password":"$bcrypt-sha256$2b,12$Y62x1y2M1Vgb5GkFRvoVJe$zMo9AWV9TFwceQ4ZkGSXU2SZ4X0eLzK","email":"jayesh.salunkhe@iitgn.ac.in","type":"user","secret":null,"website":null,"affiliation":null,"country":null,"bracket":null,"hidden":false,"banned":false,"verified":false,"team_id":18,"created":"2022-03-25T16:39:11.810549"},{"id":42,"oauth_id":null,"name":"shrilboss","password":"$bcrypt-sha256$2b,12$LG/WlU4G2Hx.q9r5wPFQbu$b4uLpE/Mh1VD.uN1825HycVVblHJ7dy","email":"paresh.mody@iitgn.ac.in","type":"user","secret":null,"website":null,"affiliation":null,"country":null,"bracket":null,"hidden":false,"banned":false,"verified":false,"team_id":22,"created":"2022-03-25T16:39:21.072498"},{"id":43,"oauth_id":null,"name":"harshil","password":"$bcrypt-sha256$2b,12$dTeZAV9ZocnhFX91XE/qn.$6AtI24ssA5s4QjdRRgjdkH6LcxePSde","email":"harshil.p@iitgn.ac.in","type":"user","secret":null,"website":null,"affiliation":null,"country":null,"bracket":null,"hidden":false,"banned":false,"verified":false,"team_id":21,"created":"2022-03-25T16:40:41.645460"},{"id":44,"oauth_id":null,"name":"Shrreya","password":"$bcrypt-sha256$2b,12$Uir/dL69GOVrMWfu7QWIuO$8OyrP6G1DtV/Wj5A9jDTyCbAneCQbfe","email":"singh.shrreya@iitgn.ac.in","type":"user","secret":null,"website":null,"affiliation":null,"country":null,"bracket":null,"hidden":false,"banned":false,"verified":false,"team_id":4,"created":"2022-03-25T16:43:54.450304"},{"id":45,"oauth_id":null,"name":"VSS","password":"$bcrypt-sha256$2b,12$MSFo.C5WJg3KSl5l9rzf4O$GkrpqhMuT4OHoFT9btP4P/oytM/7IDO","email":"vrutik.shah@iitgn.ac.in","type":"user","secret":null,"website":null,"affiliation":null,"country":null,"bracket":null,"hidden":false,"banned":false,"verified":false,"team_id":22,"created":"2022-03-25T16:44:22.277395"},{"id":46,"oauth_id":null,"name":"rahulrai_02","password":"$bcrypt-sha256$2b,12$WpGkSva6LLhOonc9yV7joO$PWPVbpAJ4cuwilb.BJmxQ3l5JJ1x87O","email":"rahulr0211@gmail.com","type":"user","secret":null,"website":null,"affiliation":null,"country":null,"bracket":null,"hidden":false,"banned":false,"verified":false,"team_id":16,"created":"2022-03-25T16:45:24.657815"},{"id":47,"oauth_id":null,"name":"Rahullalani_7","password":"$bcrypt-sha256$2b,12$fcpa8RsV3.Co94sbkSWAdu$MoVMsMc7yZSGO.lLFJWryByjuC72r3y","email":"rahul.lalani@iitgn.ac.in","type":"user","secret":null,"website":null,"affiliation":null,"country":null,"bracket":null,"hidden":false,"banned":false,"verified":false,"team_id":16,"created":"2022-03-25T16:54:02.140512"},{"id":48,"oauth_id":null,"name":"mohalleKaDon","password":"$bcrypt-sha256$2b,12$376XFzw04O/BvcQf5pHafe$pTnAsRJFi0DUc0LgUxVzI2F7j.HVLsO","email":"gupta.rahul@iitgn.ac.in","type":"user","secret":null,"website":null,"affiliation":null,"country":null,"bracket":null,"hidden":false,"banned":false,"verified":false,"team_id":25,"created":"2022-03-25T16:57:58.441999"},{"id":49,"oauth_id":null,"name":"Skywalker_752","password":"$bcrypt-sha256$2b,12$O8WXnJz9gOowm7KcdKo0qu$sNqtLFlVI2wWJN07o4fUKu7gfYx25py","email":"dhyeythummar8@gmail.com","type":"user","secret":null,"website":null,"affiliation":null,"country":null,"bracket":null,"hidden":false,"banned":false,"verified":false,"team_id":8,"created":"2022-03-25T17:01:04.368428"},{"id":50,"oauth_id":null,"name":"harry","password":"$bcrypt-sha256$2b,12$xlCTShfiPTK4RNEax7sUZe$JJ3HX1gcPzQfqBC/D8WMQib8oBe98SK","email":"hariharan.parmar@iitgn.ac.in","type":"user","secret":null,"website":null,"affiliation":null,"country":null,"bracket":null,"hidden":false,"banned":false,"verified":false,"team_id":25,"created":"2022-03-25T17:02:46.353703"},{"id":51,"oauth_id":null,"name":"zod123","password":"$bcrypt-sha256$2b,12$MBCrYjkf8FGI6VQi3/bhse$Q1ba03JIGxhYloBYajzP5GHYJffF6j2","email":"arpit.patel@iitgn.ac.in","type":"user","secret":null,"website":null,"affiliation":null,"country":null,"bracket":null,"hidden":false,"banned":false,"verified":false,"team_id":23,"created":"2022-03-25T17:05:34.270369"},{"id":52,"oauth_id":null,"name":"aishwarya_omar","password":"$bcrypt-sha256$2b,12$kX7iIBBHdgZdWCnJs0md2e$6e7cV8/Ph7qUm7xf5iJLXwXXx2JwnTW","email":"aishwarya.omar@iitgn.ac.in","type":"user","secret":null,"website":null,"affiliation":null,"country":null,"bracket":null,"hidden":false,"banned":false,"verified":false,"team_id":28,"created":"2022-03-25T17:06:07.285340"},{"id":53,"oauth_id":null,"name":"popaXD","password":"$bcrypt-sha256$2b,12$qvnsK7Qv0AuAyL58P5EQL.$TdWvARNxkIjI5euMQKPphnpfcU6cLty","email":"anas.ali@iitgn.ac.in","type":"user","secret":null,"website":null,"affiliation":null,"country":null,"bracket":null,"hidden":false,"banned":false,"verified":false,"team_id":25,"created":"2022-03-25T17:29:14.273463"},{"id":54,"oauth_id":null,"name":"DaddY","password":"$bcrypt-sha256$2b,12$sqB6Blkzu.088niNc9BO0O$kS9jWLkvf46TGhBlMcVbUBonF/IVfem","email":"rishi.patidar@iitgn.ac.in","type":"user","secret":null,"website":null,"affiliation":null,"country":null,"bracket":null,"hidden":false,"banned":false,"verified":false,"team_id":23,"created":"2022-03-25T18:02:30.871036"},{"id":55,"oauth_id":null,"name":"Skratch","password":"$bcrypt-sha256$2b,12$GO1DnhKDIAj2s2R10tTrnO$VTY8tHYj6u36fzJggBhscsUVNaX4Yye","email":"inderjeet230502@gmail.com","type":"user","secret":null,"website":null,"affiliation":null,"country":null,"bracket":null,"hidden":false,"banned":false,"verified":false,"team_id":26,"created":"2022-03-25T18:05:20.004667"},{"id":56,"oauth_id":null,"name":"asquare","password":"$bcrypt-sha256$2b,12$I51OAycJBd9QTqcCJE5Ave$IomEwMFiPvYKwhgrUVwHWXAIjlgnqDy","email":"agarwal.aditi@iitgn.ac.in","type":"user","secret":null,"website":null,"affiliation":null,"country":null,"bracket":null,"hidden":false,"banned":false,"verified":false,"team_id":26,"created":"2022-03-25T18:10:44.374338"},{"id":57,"oauth_id":null,"name":"ihxrsh","password":"$bcrypt-sha256$2b,12$ZcyIRXnGkowciSivUrzHpO$LPAUVMbmyM6GZ0/.m4gO6raH9VlLQnC","email":"harshvardhan.vala@iitgn.ac.in","type":"user","secret":null,"website":null,"affiliation":null,"country":null,"bracket":null,"hidden":false,"banned":false,"verified":false,"team_id":26,"created":"2022-03-25T18:10:47.772117"},{"id":58,"oauth_id":null,"name":"bigshow","password":"$bcrypt-sha256$2b,12$NHQzK21O3jfzvTwHLxeCre$wHe6BKvwxPQMOeYUUGphVFtni7wpLly","email":"tanmay.sharma@iitgn.ac.in","type":"user","secret":null,"website":null,"affiliation":null,"country":null,"bracket":null,"hidden":false,"banned":false,"verified":false,"team_id":25,"created":"2022-03-25T18:12:47.733741"},{"id":59,"oauth_id":null,"name":"Nokzendi","password":"$bcrypt-sha256$2b,12$YPZYQN8zqhVNylVN67TKIu$A7Pg.Q0.JGgbQninnMJM3lanRnK1HFy","email":"snokzendi@iitgn.ac.in","type":"user","secret":null,"website":null,"affiliation":null,"country":null,"bracket":null,"hidden":false,"banned":false,"verified":false,"team_id":26,"created":"2022-03-25T18:15:15.643149"},{"id":60,"oauth_id":null,"name":"RushRussian","password":"$bcrypt-sha256$2b,12$O9/lAClMkbBByKNFalfH3O$9n/owP.sAqMzsHIMMNkOwaVeDjDvPgW","email":"ajinkya.pawar@iitgn.ac.in","type":"user","secret":null,"website":null,"affiliation":null,"country":null,"bracket":null,"hidden":false,"banned":false,"verified":false,"team_id":27,"created":"2022-03-25T18:21:36.127209"},{"id":61,"oauth_id":null,"name":"kash","password":"$bcrypt-sha256$2b,12$A/jOu2YCGcKBtZ27HZcCq.$fka/tRoSHrkWfQ/m4E71ix0R4viG9ty","email":"kalash.kankaria@iitgn.ac.in","type":"user","secret":null,"website":null,"affiliation":null,"country":null,"bracket":null,"hidden":false,"banned":false,"verified":false,"team_id":null,"created":"2022-03-25T18:34:51.933960"},{"id":62,"oauth_id":null,"name":"thenoobghost","password":"$bcrypt-sha256$2b,12$hECyVlry.WJzpPu20eXSoO$2MhT7txQOFNV6XLEKTI1KlX1aB.M2ee","email":"mittalaakash@iitgn.ac.in","type":"user","secret":null,"website":null,"affiliation":null,"country":null,"bracket":null,"hidden":false,"banned":false,"verified":false,"team_id":14,"created":"2022-03-25T19:06:39.711825"},{"id":63,"oauth_id":null,"name":"khalba02#0054","password":"$bcrypt-sha256$2b,12$B0mSw.gQWkAFsOqwWN2UQe$dIRNOrqr0MuHiOtoi90srX8vdr/0b6m","email":"aravind.krishna@iitgn.ac.in","type":"user","secret":null,"website":null,"affiliation":null,"country":null,"bracket":null,"hidden":false,"banned":false,"verified":false,"team_id":29,"created":"2022-03-25T20:08:39.208356"},{"id":64,"oauth_id":null,"name":"Piyush Dhirwani","password":"$bcrypt-sha256$2b,12$0EBQclvhJ6E5YC1728J9R.$Hb1YCPGaC2a.UYEWjlDpuU5xNa7T7qG","email":"piyush.dhirwani@iitgn.ac.in","type":"user","secret":null,"website":null,"affiliation":null,"country":null,"bracket":null,"hidden":false,"banned":false,"verified":false,"team_id":30,"created":"2022-03-26T04:07:20.204974"},{"id":65,"oauth_id":null,"name":"iknowtransistor","password":"$bcrypt-sha256$2b,12$WEZHXZ2RTu4WPGEYQ0tAd.$8CRlpUoEE.T4SEP4VHLGFP3vYLuOEuy","email":"gupta.prakash@iitgn.ac.in","type":"user","secret":null,"website":null,"affiliation":null,"country":null,"bracket":null,"hidden":false,"banned":false,"verified":false,"team_id":31,"created":"2022-03-26T04:35:20.688657"},{"id":66,"oauth_id":null,"name":"Cynic","password":"$bcrypt-sha256$2b,12$VSQXjzCaUFJJ81kPdgMyEu$XixdHyNiQ1/zbAC1PClYN3RxrDk/jnu","email":"cynicdoom@gmail.com","type":"user","secret":null,"website":null,"affiliation":null,"country":null,"bracket":null,"hidden":false,"banned":false,"verified":false,"team_id":null,"created":"2022-03-26T06:01:27.868086"},{"id":67,"oauth_id":null,"name":"akelehumtum","password":"$bcrypt-sha256$2b,12$N5MRIMsooSK5ZeARqOo/Zu$d0tg6Q5pXLHNhM25swQWPy7BUZCtHrO","email":"vishal.ghoniya@iitgn.ac.in","type":"user","secret":null,"website":null,"affiliation":null,"country":null,"bracket":null,"hidden":false,"banned":false,"verified":false,"team_id":32,"created":"2022-03-26T07:00:42.902240"},{"id":68,"oauth_id":null,"name":"coldthunder29","password":"$bcrypt-sha256$2b,12$HKNsbKvO3Vl4VpojMQ/C6.$aeAVNValtW27YakAmiJGwLL9nPIjECC","email":"yash.kokane@iitgn.ac.in","type":"user","secret":null,"website":null,"affiliation":null,"country":null,"bracket":null,"hidden":false,"banned":false,"verified":false,"team_id":null,"created":"2022-03-26T08:08:26.187578"},{"id":69,"oauth_id":null,"name":"Sachin123","password":"$bcrypt-sha256$2b,12$WjfjsKZSYPzyi0Ur8PCq1e$tzckOnKP/1kYoEcs/j8Z.FdisajRU16","email":"sachinjalan03@gmail.com","type":"user","secret":null,"website":null,"affiliation":null,"country":null,"bracket":null,"hidden":false,"banned":false,"verified":false,"team_id":10,"created":"2022-03-26T17:47:12.592639"},{"id":70,"oauth_id":null,"name":"sam","password":"$bcrypt-sha256$2b,12$stfx9XhbOEwaGJAKFEFSGe$rz80gHIBQpiFRiQUVZ0qke3/WfE21VC","email":"sumit.kumar@iitgn.ac.in","type":"user","secret":null,"website":null,"affiliation":null,"country":null,"bracket":null,"hidden":false,"banned":false,"verified":false,"team_id":null,"created":"2022-03-26T22:43:37.785824"},{"id":71,"oauth_id":null,"name":"mj","password":"$bcrypt-sha256$2b,12$aGkhM9l6is/09Q9oXKkGIe$Be.vc9js4ILWMurA.832m53F28IHE86","email":"mann.jain@iitgn.ac.in","type":"user","secret":null,"website":null,"affiliation":null,"country":null,"bracket":null,"hidden":false,"banned":false,"verified":false,"team_id":33,"created":"2022-03-27T04:43:03.347837"}],"meta":{}}