id,challenge_id,user_id,team_id,ip,provided,type,date
1,6,4,2,14.139.98.164,HackRushCTF{w31cOme_tO_H4cKRushCTF!!!},incorrect,2022-03-25 16:02:46.675860
2,6,4,2,14.139.98.164,HackRushCTF{w31cOme_tO_H4cKRushCTF},incorrect,2022-03-25 16:02:57.704307
3,6,4,2,14.139.98.164,HackRushCTF{WE1cOME_70_H4ckRu5hCTF},correct,2022-03-25 16:03:28.862393
4,6,3,6,14.139.98.164,10,incorrect,2022-03-25 16:07:07.994550
5,2,2,5,14.139.98.164,HackRushCTF{R5a_1S_7HaT_$1MPL3??},correct,2022-03-25 16:07:14.206325
6,6,10,6,14.139.98.164,the form will remain open till 4:00 PM Tomorrow,incorrect,2022-03-25 16:07:29.796658
7,6,3,6,14.139.98.164,#,incorrect,2022-03-25 16:07:42.224383
8,6,3,6,14.139.98.164,#issues,incorrect,2022-03-25 16:07:50.949442
9,6,3,6,14.139.98.164,issues,incorrect,2022-03-25 16:07:56.182626
10,6,11,10,14.139.98.164,,incorrect,2022-03-25 16:08:35.913571
11,6,11,10,14.139.98.164,Flag,incorrect,2022-03-25 16:08:46.985164
12,6,10,6,14.139.98.164,Welcome,incorrect,2022-03-25 16:09:13.785756
13,6,11,10,14.139.98.164,http://20.219.137.184:5000/,incorrect,2022-03-25 16:09:34.007973
14,6,10,6,14.139.98.164,Glad to see you here!,incorrect,2022-03-25 16:09:34.629209
15,6,11,10,14.139.98.164,Welcome,incorrect,2022-03-25 16:09:37.303928
16,6,3,6,14.139.98.164,liveoverflow,incorrect,2022-03-25 16:09:54.914834
17,6,11,10,14.139.98.164,,incorrect,2022-03-25 16:10:05.343166
18,6,11,10,14.139.98.164,Flag,incorrect,2022-03-25 16:10:09.131962
19,6,5,3,14.139.98.164,HackRushCTF{WE1cOME_70_H4ckRu5hCTF},correct,2022-03-25 16:10:50.300889
20,6,13,11,14.139.98.164,HackRushCTF{Discord-13},incorrect,2022-03-25 16:11:44.298892
21,6,13,11,14.139.98.164,HackRushCTF,incorrect,2022-03-25 16:11:48.340151
22,8,11,10,14.139.98.164,rpfzeiuilawgmznn,incorrect,2022-03-25 16:12:03.584634
23,6,13,11,14.139.98.164,HackRushCTF#,incorrect,2022-03-25 16:12:06.735524
24,8,11,10,14.139.98.164,opoccedagyypvawr,incorrect,2022-03-25 16:12:19.505168
25,6,3,6,14.139.98.164,LiveOverflow,incorrect,2022-03-25 16:13:52.604224
26,6,3,6,14.139.98.164,LiveOverflow,incorrect,2022-03-25 16:14:01.469540
27,2,4,2,14.139.98.164,?HackRushCTF{R5a_1S_7HaT_$1MPL3??},incorrect,2022-03-25 16:14:21.514247
28,2,4,2,14.139.98.164,HackRushCTF{R5a_1S_7HaT_$1MPL3??},correct,2022-03-25 16:14:25.475929
29,6,11,10,14.139.98.164,VRmBB6fMYG,incorrect,2022-03-25 16:15:01.598462
30,6,11,10,14.139.98.164,https://discord.gg/VRmBB6fMYG,incorrect,2022-03-25 16:15:15.574673
31,6,11,10,14.139.98.164,Welcome,incorrect,2022-03-25 16:15:19.140254
32,6,3,6,14.139.98.164,binary exploitation,incorrect,2022-03-25 16:15:21.569538
33,6,14,6,14.139.98.164,Welcome,incorrect,2022-03-25 16:15:41.990484
34,6,11,10,14.139.98.164,956080265220980756,incorrect,2022-03-25 16:15:47.618967
35,6,11,10,14.139.98.164,821697218377154640,incorrect,2022-03-25 16:16:03.286419
36,10,9,2,14.139.98.164,HackRushCTF{SometIM3s_stUFf_I5_H1DD3n_1n_pLAIn_519ht},correct,2022-03-25 16:16:09.700931
37,6,11,10,14.139.98.164,819870732435587105,incorrect,2022-03-25 16:16:25.912925
38,6,18,12,14.139.98.164,HackRushCTF{WE1cOME_70_H4ckRu5hCTF},correct,2022-03-25 16:16:52.856734
39,6,10,6,14.139.98.164,01000111 01101100 01100001 01100100 00100000 01110100 01101111 00100000 01110011 01100101 01100101 00100000 01111001 01101111 01110101 00100000 01101000 01100101 01110010 01100101 00100001,incorrect,2022-03-25 16:17:11.507301
40,6,11,10,14.139.98.164,welcome,incorrect,2022-03-25 16:17:23.313568
41,6,11,10,14.139.98.164,Welcome,incorrect,2022-03-25 16:17:26.282043
42,6,11,10,14.139.98.164,Welcome,incorrect,2022-03-25 16:17:28.521221
43,6,10,6,14.139.98.164,http://20.219.137.184/,incorrect,2022-03-25 16:17:33.079689
44,6,11,10,14.139.98.164,819870732435587105,incorrect,2022-03-25 16:17:36.945390
45,6,11,10,14.139.98.164,discord,incorrect,2022-03-25 16:18:14.684874
46,6,11,10,14.139.98.164,821807628212109314,incorrect,2022-03-25 16:18:26.258760
47,10,18,12,14.139.98.164,HackRushCTF{e_ydeeenw_},incorrect,2022-03-25 16:19:07.172515
48,6,10,6,14.139.98.164,,incorrect,2022-03-25 16:19:09.313406
49,6,11,10,14.139.98.164,https://discord.com/channels/819870732435587102/821807628212109314,incorrect,2022-03-25 16:19:24.001900
50,6,11,10,14.139.98.164,https://discord.com/channels/819870732435587102/819870732435587105,incorrect,2022-03-25 16:19:35.991485
51,10,18,12,14.139.98.164,HackRushCTF{e_y_deeenw_},incorrect,2022-03-25 16:19:54.392086
52,15,16,8,14.139.98.164,DOS,incorrect,2022-03-25 16:20:02.772727
53,6,7,4,14.139.98.164,HackRushCTF{WE1cOME_70_H4ckRu5hCTF},correct,2022-03-25 16:20:07.112320
54,6,17,10,14.139.98.164,answer,incorrect,2022-03-25 16:20:48.098494
55,6,3,6,14.139.98.164,,incorrect,2022-03-25 16:20:52.500683
56,6,3,6,14.139.98.164,0x100,incorrect,2022-03-25 16:21:03.692050
57,6,21,13,14.139.98.164,HackRushCTF{WE1cOME_70_H4ckRu5hCTF},correct,2022-03-25 16:22:00.376531
58,6,3,6,14.139.98.164,HackRushCTF{Welcome},incorrect,2022-03-25 16:22:52.240381
59,6,22,10,14.139.98.164,6,incorrect,2022-03-25 16:24:09.181946
60,6,14,6,14.139.98.164,WE1cOME_70_H4ckRu5hCTF,incorrect,2022-03-25 16:24:50.344044
61,6,14,6,14.139.98.164,HackRushCTF{WE1cOME_70_H4ckRu5hCTF},correct,2022-03-25 16:25:09.359692
62,6,25,14,14.139.98.164,WE1cOME_70_H4ckRu5hCTF,incorrect,2022-03-25 16:26:56.172773
63,6,23,14,14.139.98.164,HackRushCTF{WE1cOME_70_H4ckRu5hCTF},correct,2022-03-25 16:27:43.291868
64,10,22,10,14.139.98.164,everywhere,incorrect,2022-03-25 16:30:58.525298
65,10,11,10,14.139.98.164,gea,incorrect,2022-03-25 16:31:26.369673
66,6,19,16,14.139.98.164,hello,incorrect,2022-03-25 16:32:07.395988
67,6,19,16,14.139.98.164,hola,incorrect,2022-03-25 16:32:13.115708
68,6,19,16,14.139.98.164,hola,incorrect,2022-03-25 16:32:13.116372
69,6,11,10,14.139.98.164,HackRush 22,incorrect,2022-03-25 16:33:00.711200
70,6,11,10,14.139.98.164,HackRush'22,incorrect,2022-03-25 16:33:03.810993
71,6,13,11,14.139.98.164,HackRushCTF2022,incorrect,2022-03-25 16:33:14.813705
72,10,21,13,14.139.98.164,HackRushCTF{SometIM3s_stUFf_I5_H1DD3n_1n_pLAIn_519ht},correct,2022-03-25 16:33:50.796728
73,10,25,14,14.139.98.164,50,incorrect,2022-03-25 16:34:20.403730
74,6,13,11,14.139.98.164,HackRushCTF{WE1cOME_70_H4ckRu5hCTF},correct,2022-03-25 16:34:30.431105
75,6,6,8,14.139.98.164,Ok,incorrect,2022-03-25 16:35:58.278831
76,6,19,16,14.139.98.164,20918208,incorrect,2022-03-25 16:37:29.278579
77,6,19,16,14.139.98.164,discord,incorrect,2022-03-25 16:37:41.263643
78,6,19,16,14.139.98.164,hello,incorrect,2022-03-25 16:37:44.659398
79,6,19,16,14.139.98.164,hola,incorrect,2022-03-25 16:38:04.793264
80,6,6,8,14.139.98.164,https://discord.gg/VRmBB6fMYG,incorrect,2022-03-25 16:38:44.699575
81,6,36,20,14.139.98.164,Welcome,incorrect,2022-03-25 16:40:22.730930
82,6,27,16,14.139.98.164,Bruh,incorrect,2022-03-25 16:40:48.708080
83,6,15,9,14.139.98.164,welcome,incorrect,2022-03-25 16:41:32.389346
84,6,15,9,14.139.98.164,Welcome,incorrect,2022-03-25 16:41:41.523018
85,15,22,10,14.139.98.164,fgets,incorrect,2022-03-25 16:42:42.370004
86,6,42,22,14.139.98.164,welcome,incorrect,2022-03-25 16:42:47.436837
87,6,15,9,14.139.98.164,VRmBB6fMYG,incorrect,2022-03-25 16:42:54.433952
88,6,15,9,14.139.98.164,https://discord.gg/VRmBB6fMYG,incorrect,2022-03-25 16:43:08.192439
89,9,9,2,14.139.98.164,P√Ç√ø√øS√≥¬¶9bf√ø√ø√ø#,incorrect,2022-03-25 16:43:17.497398
90,6,15,9,14.139.98.164,10,incorrect,2022-03-25 16:43:18.780431
91,6,36,20,14.139.98.164,HackRushCTF,incorrect,2022-03-25 16:43:40.789434
92,6,15,9,14.139.98.164,,incorrect,2022-03-25 16:43:44.196425
93,6,42,22,14.139.98.164,,incorrect,2022-03-25 16:44:09.416822
94,6,42,22,14.139.98.164,welcome,incorrect,2022-03-25 16:44:11.687674
95,6,42,22,14.139.98.164,hackrush,incorrect,2022-03-25 16:44:15.081695
96,6,27,16,14.139.98.164,HackRUshCTF{WE1cOME_70_H4ckRu5hCTF},incorrect,2022-03-25 16:44:22.638407
97,6,15,9,14.139.98.164,HackRushCTFBot,incorrect,2022-03-25 16:44:30.046101
98,6,43,21,14.139.98.164,participant-2022,incorrect,2022-03-25 16:44:32.539984
99,6,15,9,14.139.98.164,Welcome,incorrect,2022-03-25 16:44:52.822038
100,2,16,8,14.139.98.164,REDACTED,incorrect,2022-03-25 16:45:09.473764
101,6,27,16,14.139.98.164,HackRushCTF{WE1cOME_70_H4ckRu5hCTF},correct,2022-03-25 16:45:24.224162
102,10,44,4,14.139.98.164,nc 20.219.137.184 34899,incorrect,2022-03-25 16:45:32.038601
103,10,42,22,14.139.98.164,wtsn,incorrect,2022-03-25 16:45:36.722272
104,10,42,22,14.139.98.164,wgtsn,incorrect,2022-03-25 16:45:46.736042
105,10,42,22,14.139.98.164,{wgtsn},incorrect,2022-03-25 16:45:50.690700
106,10,42,22,14.139.98.164,flag{wgtsn},incorrect,2022-03-25 16:45:53.506363
107,10,42,22,14.139.98.164,flag{wgtsn},incorrect,2022-03-25 16:45:54.428085
108,6,15,9,14.139.98.164,10,incorrect,2022-03-25 16:45:58.983969
109,10,31,18,14.139.98.164,g,incorrect,2022-03-25 16:46:06.129446
110,6,15,9,14.139.98.164,Flag,incorrect,2022-03-25 16:46:12.397239
111,6,15,9,14.139.98.164,Join,incorrect,2022-03-25 16:46:18.156922
112,6,15,9,14.139.98.164,Discord,incorrect,2022-03-25 16:46:21.910685
113,6,15,9,14.139.98.164,10,incorrect,2022-03-25 16:46:29.591500
114,6,15,9,14.139.98.164,Welcome,incorrect,2022-03-25 16:46:33.110302
115,11,16,8,14.139.98.164,Correct,incorrect,2022-03-25 16:46:38.512277
116,6,6,8,14.139.98.164,,incorrect,2022-03-25 16:46:47.290272
117,15,22,10,14.139.98.164,fUa94N^:lzA rG,incorrect,2022-03-25 16:46:50.262788
118,6,15,9,14.139.98.164,HackRush 2022,incorrect,2022-03-25 16:46:52.869900
119,15,22,10,14.139.98.164,fUa94N^:lzA r G,incorrect,2022-03-25 16:46:53.429657
120,6,15,9,14.139.98.164,HackRush,incorrect,2022-03-25 16:46:55.602340
121,6,15,9,14.139.98.164,HackRush,incorrect,2022-03-25 16:46:57.895009
122,15,22,10,14.139.98.164,fUa94N^:lzArG,incorrect,2022-03-25 16:46:58.804683
123,6,15,9,14.139.98.164,HackRush2022,incorrect,2022-03-25 16:47:01.648118
124,6,16,8,14.139.98.164,Welcome,incorrect,2022-03-25 16:47:02.257292
125,6,15,9,14.139.98.164,Thanks,incorrect,2022-03-25 16:47:11.428477
126,10,11,10,14.139.98.164,So where is the flag anyway? I don't see it here. Is the challenge not working,incorrect,2022-03-25 16:47:52.000891
127,10,25,14,14.139.98.164,ShiegwI'eh hagtk,incorrect,2022-03-25 16:47:56.836932
128,6,15,9,14.139.98.164,VRmBB6fMYG,incorrect,2022-03-25 16:47:59.404974
129,6,6,8,14.139.98.164,http://20.219.137.184:5000/,incorrect,2022-03-25 16:47:59.530357
130,10,25,14,14.139.98.164,ShiegwI'eh hagtk?,incorrect,2022-03-25 16:48:00.154461
131,6,37,21,14.139.98.164,HackRushCTF{WE1cOME_70_H4ckRu5hCTF},correct,2022-03-25 16:48:14.877078
132,6,6,8,14.139.98.164,http://20.219.137.184:5000/,incorrect,2022-03-25 16:48:15.254889
133,6,15,9,14.139.98.164,https://discord.gg/VRmBB6fMYG,incorrect,2022-03-25 16:48:22.910136
134,6,6,8,14.139.98.164,Done,incorrect,2022-03-25 16:48:26.651477
135,10,6,8,14.139.98.164,Yes,incorrect,2022-03-25 16:48:36.445640
136,10,11,10,14.139.98.164,http://20.219.137.184:5000/files/92bb702b7102f38ef165db1d5abb66a2/where_flag_meme.jpg,incorrect,2022-03-25 16:49:01.647084
137,10,11,10,14.139.98.164,92bb702b7102f38ef165db1d5abb66a2,incorrect,2022-03-25 16:49:09.857779
138,6,15,9,14.139.98.164,ctf-updates,incorrect,2022-03-25 16:49:12.545697
139,10,25,14,14.139.98.164,ShiegwI'eh_hagtk?,incorrect,2022-03-25 16:49:22.130308
140,10,25,14,14.139.98.164,ShiegwI'eh_hagtk,incorrect,2022-03-25 16:49:24.791711
141,6,15,9,14.139.98.164,10,incorrect,2022-03-25 16:49:25.191236
142,10,11,10,14.139.98.164,/92bb702b7102f38ef165db1d5abb66a2/,incorrect,2022-03-25 16:49:26.002821
143,10,25,14,14.139.98.164,ShiegwI'eh_hagtk,incorrect,2022-03-25 16:49:26.582484
144,6,15,9,14.139.98.164,Glad to see you here!,incorrect,2022-03-25 16:49:36.588416
145,10,25,14,14.139.98.164,WHERE FLAG?,incorrect,2022-03-25 16:49:55.825514
146,7,44,4,14.139.98.164,salesforce,incorrect,2022-03-25 16:49:56.581977
147,6,15,9,14.139.98.164,Join,incorrect,2022-03-25 16:50:02.208187
148,10,25,14,14.139.98.164,or fayd irs l wn,incorrect,2022-03-25 16:50:20.096893
149,10,16,8,14.139.98.164,No,incorrect,2022-03-25 16:50:25.726937
150,10,16,8,14.139.98.164,N,incorrect,2022-03-25 16:50:28.726511
151,10,16,8,14.139.98.164,N,incorrect,2022-03-25 16:50:30.785120
152,10,25,14,14.139.98.164,or_fayd_irs_l_wn,incorrect,2022-03-25 16:50:31.001847
153,7,44,4,14.139.98.164,allianz,incorrect,2022-03-25 16:50:32.384169
154,7,44,4,14.139.98.164,ubc,incorrect,2022-03-25 16:50:39.380474
155,6,15,9,14.139.98.164,!,incorrect,2022-03-25 16:50:48.793516
156,10,25,14,14.139.98.164,eyeew,incorrect,2022-03-25 16:51:52.944705
157,6,11,10,14.139.98.164,HackRushCTF{819870732435587105},incorrect,2022-03-25 16:52:26.949033
158,8,4,2,14.139.98.164,HackRushCTF{7hE_rAb17_hoL3_GOeS_dEE33p},correct,2022-03-25 16:52:48.622955
159,10,25,14,14.139.98.164,e yeew,incorrect,2022-03-25 16:52:53.108885
160,10,25,14,14.139.98.164,e_yeew,incorrect,2022-03-25 16:52:57.317769
161,10,25,14,14.139.98.164,e ydeeenw?,incorrect,2022-03-25 16:53:46.442509
162,10,25,14,14.139.98.164,eydeeenw?,incorrect,2022-03-25 16:53:51.208418
163,10,25,14,14.139.98.164,e_ydeeenw?,incorrect,2022-03-25 16:53:53.631133
164,10,25,14,14.139.98.164,e_ydeeenw?,incorrect,2022-03-25 16:53:55.311004
165,10,25,14,14.139.98.164,e_ydeeenw_,incorrect,2022-03-25 16:54:30.642726
166,10,25,14,14.139.98.164,eydeeenw,incorrect,2022-03-25 16:54:38.774817
167,10,25,14,14.139.98.164,e ydeeenw,incorrect,2022-03-25 16:54:43.460021
168,10,15,9,14.139.98.164,SometIM3s_stUFf_I5_H1DD3n_1n_pLAIn_519ht,incorrect,2022-03-25 16:54:43.659400
169,10,15,9,14.139.98.164,SometIM3s_stUFf_I5_H1DD3n_1n_pLAIn_519ht,incorrect,2022-03-25 16:54:50.915038
170,10,25,14,14.139.98.164,eyeew,incorrect,2022-03-25 16:55:05.716882
171,6,42,22,14.139.98.164,HackRushCTF{.*},incorrect,2022-03-25 16:55:25.388142
172,6,42,22,14.139.98.164,HackRushCTF{welcome},incorrect,2022-03-25 16:55:31.226876
173,7,44,4,14.139.98.164,Philadelphia,incorrect,2022-03-25 16:55:34.671415
174,6,6,8,14.139.98.164,Ok,incorrect,2022-03-25 16:55:42.678972
175,6,6,8,14.139.98.164,OK,incorrect,2022-03-25 16:55:47.250777
176,7,44,4,14.139.98.164,San Fransisco,incorrect,2022-03-25 16:55:49.462205
177,6,6,8,14.139.98.164,Ok!,incorrect,2022-03-25 16:55:51.924824
178,6,38,22,14.139.98.164,HackRushCTF{Discord},incorrect,2022-03-25 16:55:55.588739
179,10,25,14,14.139.98.164,eyeew256,incorrect,2022-03-25 16:55:59.544233
180,10,25,14,14.139.98.164,eyeew?256,incorrect,2022-03-25 16:56:04.815962
181,6,8,24,14.139.98.164,HackRushCTF{.*},incorrect,2022-03-25 16:56:08.415254
182,6,11,10,14.139.98.164,hackrushCTF{819870732435587105},incorrect,2022-03-25 16:56:09.287207
183,7,44,4,14.139.98.164,San Francisco,incorrect,2022-03-25 16:56:10.904011
184,10,25,14,14.139.98.164,e_ydeeenw_256,incorrect,2022-03-25 16:56:14.196940
185,10,25,14,14.139.98.164,e_ydeeenw_257,incorrect,2022-03-25 16:56:19.798397
186,10,25,14,14.139.98.164,e_ydeeenw257,incorrect,2022-03-25 16:56:24.507341
187,10,25,14,14.139.98.164,eydeeenw257,incorrect,2022-03-25 16:56:25.949710
188,7,44,4,14.139.98.164,California,incorrect,2022-03-25 16:56:28.387827
189,10,31,18,14.139.98.164,?,incorrect,2022-03-25 16:56:39.112268
190,6,6,8,14.139.98.164,Ok!,incorrect,2022-03-25 16:57:38.516454
191,6,6,8,14.139.98.164,Flag,incorrect,2022-03-25 16:57:44.649098
192,10,25,14,14.139.98.164,HackRushCTF{e_ydeeenw_},incorrect,2022-03-25 16:57:45.996644
193,6,32,23,14.139.98.164,HackRushCTF{WE1COME_70_H4ckRu5hCTF},incorrect,2022-03-25 16:57:46.837195
194,10,15,9,14.139.98.164,SometIM3s_stUFf_I5_H1DD3n_1n_pLAIn_519ht,incorrect,2022-03-25 16:57:48.871032
195,10,25,14,14.139.98.164,HackRushCTF{eydeeenw},incorrect,2022-03-25 16:57:52.714347
196,6,6,8,14.139.98.164,!,incorrect,2022-03-25 16:57:57.486645
197,10,25,14,14.139.98.164,HackRushCTF{e ydeeenw },incorrect,2022-03-25 16:58:00.433927
198,10,25,14,14.139.98.164,HackRushCTF{eyeew },incorrect,2022-03-25 16:58:07.818298
199,10,15,9,14.139.98.164,SometIM3s_stUFf_I5_H1DD3n_1n_pLAIn_519ht,incorrect,2022-03-25 16:58:11.584163
200,10,25,14,14.139.98.164,HackRushCTF{eydeeenw },incorrect,2022-03-25 16:58:17.063269
201,10,25,14,14.139.98.164,HackRushCTF{eydeeenw},incorrect,2022-03-25 16:58:21.903978
202,7,44,4,14.139.98.164,salt lake city,incorrect,2022-03-25 16:58:29.913294
203,6,32,23,14.139.98.164,HackRushCTF{WE1COME_70_H4ckRu5hCTF},incorrect,2022-03-25 16:58:47.959741
204,7,44,4,14.139.98.164,Salt Lake City,incorrect,2022-03-25 16:58:48.881965
205,10,25,14,14.139.98.164,HackRushCTF{WHEREFLAG?},incorrect,2022-03-25 16:59:35.912746
206,10,25,14,14.139.98.164,HackRushCTF{whereflag?},incorrect,2022-03-25 16:59:42.110830
207,10,15,9,14.139.98.164,HackRushCTF{SometIM3s_stUFf_I5_H1DD3n_1n_pLAIn_519ht},correct,2022-03-25 16:59:52.242714
208,7,44,4,14.139.98.164,New York,incorrect,2022-03-25 17:00:17.477697
209,6,15,9,14.139.98.164,HackRushCTF{VRmBB6fMYG},incorrect,2022-03-25 17:00:41.703866
210,6,15,9,14.139.98.164,HackRushCTF{VRmBB6fMYG},incorrect,2022-03-25 17:00:45.878594
211,6,11,10,14.139.98.164,HackRush{.819870732435587105},incorrect,2022-03-25 17:01:38.061255
212,6,31,18,14.139.98.164,HackRushCTF{.*},incorrect,2022-03-25 17:01:50.362171
213,6,11,10,14.139.98.164,HackRush{.956080265220980756},incorrect,2022-03-25 17:01:51.981498
214,6,45,22,14.139.98.164,,incorrect,2022-03-25 17:01:52.371613
215,6,6,8,14.139.98.164,HackRushCTF{.*},incorrect,2022-03-25 17:01:55.058511
216,6,6,8,14.139.98.164,HackRushCTF{ok},incorrect,2022-03-25 17:01:59.938041
217,6,6,8,14.139.98.164,HackRushCTF{Ok},incorrect,2022-03-25 17:02:03.328714
218,10,31,18,14.139.98.164,HackRushCTF{?},incorrect,2022-03-25 17:02:08.598382
219,6,11,10,14.139.98.164,HackRush{.*956080265220980756},incorrect,2022-03-25 17:02:11.007660
220,10,11,10,14.139.98.164,HackRush{.92bb702b7102f38ef165db1d5abb66a2},incorrect,2022-03-25 17:02:44.667173
221,6,11,10,14.139.98.164,HackRush{.821697218377154640},incorrect,2022-03-25 17:03:43.073971
222,7,44,4,14.139.98.164,Singapore,incorrect,2022-03-25 17:04:18.780712
223,6,33,18,14.139.98.164,HackRushCTF{WE1cOME_70_H4ckRu5hCTF},correct,2022-03-25 17:05:42.284922
224,6,32,23,14.139.98.164,HackRushCTF{WE1COME_70_H4ckRu5hCTF},incorrect,2022-03-25 17:06:19.315816
225,6,11,10,14.139.98.164,HackRush{.VRmBB6fMYG},incorrect,2022-03-25 17:06:59.682707
226,7,44,4,14.139.98.164,HackRushCTF{Singapore},incorrect,2022-03-25 17:07:01.840232
227,6,11,10,14.139.98.164,HackRushCTF{.VRmBB6fMYG},incorrect,2022-03-25 17:07:08.769651
228,6,11,10,14.139.98.164,HackRushCTF{VRmBB6fMYG},incorrect,2022-03-25 17:07:12.412873
229,7,44,4,14.139.98.164,HackRushCTF{California},incorrect,2022-03-25 17:07:12.990852
230,7,44,4,14.139.98.164,HackRushCTF{London},incorrect,2022-03-25 17:07:17.575131
231,7,44,4,14.139.98.164,HackRushCTF{San Francisco},incorrect,2022-03-25 17:07:25.335636
232,7,44,4,14.139.98.164,HackRushCTF{Philadelphia},incorrect,2022-03-25 17:07:33.897192
233,6,11,10,14.139.98.164,HackRushCTF{.821807628212109314},incorrect,2022-03-25 17:07:38.028903
234,7,44,4,14.139.98.164,HackRushCTF{SanFrancisco},incorrect,2022-03-25 17:07:44.217795
235,6,49,8,14.139.98.164,HackRushCTF{WE1cOME_70_H4ckRu5hCTF},correct,2022-03-25 17:07:46.218539
236,7,44,4,14.139.98.164,HackRushCTF{Northampton},incorrect,2022-03-25 17:08:02.953040
237,7,44,4,14.139.98.164,HackRushCTF{Glasgow},incorrect,2022-03-25 17:08:12.508908
238,6,32,23,14.139.98.164,HackRushCTF{WE1cOME_70_H4ckRu5hCTF},correct,2022-03-25 17:08:13.049522
239,7,44,4,14.139.98.164,HackRushCTF{Whippany},incorrect,2022-03-25 17:08:36.632705
240,7,44,4,14.139.98.164,HackRushCTF{Wilmington},incorrect,2022-03-25 17:08:45.668196
241,7,44,4,14.139.98.164,HackRushCTF{New York},incorrect,2022-03-25 17:08:51.752372
242,7,44,4,14.139.98.164,HackRushCTF{NewYork},incorrect,2022-03-25 17:08:54.960390
243,7,44,4,14.139.98.164,HackRushCTF{NewYork},incorrect,2022-03-25 17:08:58.799777
244,6,11,10,14.139.98.164,HackRushCTF{820309013388328970},incorrect,2022-03-25 17:08:59.757137
245,6,11,10,14.139.98.164,HackRushCTF{.820309013388328970},incorrect,2022-03-25 17:09:03.035395
246,7,44,4,14.139.98.164,HackRushCTF{Chicago},incorrect,2022-03-25 17:09:03.801563
247,6,11,10,14.139.98.164,HackRushCTF{.*820309013388328970},incorrect,2022-03-25 17:09:07.666176
248,7,44,4,14.139.98.164,HackRushCTF{India},incorrect,2022-03-25 17:09:18.050390
249,10,25,14,14.139.98.164,HackRushCTF{whereflag?},incorrect,2022-03-25 17:09:30.739154
250,8,42,22,14.139.98.164,HackRushCTF{7hE_rAb17_hoL3_GOeS_dEE33p},correct,2022-03-25 17:09:33.852080
251,10,25,14,14.139.98.164,HackRushCTF{image},incorrect,2022-03-25 17:09:35.970942
252,10,25,14,14.139.98.164,HackRushCTF{INTHEIMAGE},incorrect,2022-03-25 17:09:48.127824
253,10,25,14,14.139.98.164,HackRushCTF{dontknow},incorrect,2022-03-25 17:09:59.503209
254,7,44,4,14.139.98.164,HackRushCTF{Cloud Computing},incorrect,2022-03-25 17:10:55.805382
255,7,44,4,14.139.98.164,HackRushCTF{Technology},incorrect,2022-03-25 17:11:07.795430
256,7,44,4,14.139.98.164,HackRushCTF{MNC},incorrect,2022-03-25 17:11:11.507195
257,10,31,18,14.139.98.164,HackrushRushCTF{?},incorrect,2022-03-25 17:13:08.512542
258,10,31,18,14.139.98.164,HackRushCTF{?},incorrect,2022-03-25 17:13:35.948085
259,10,25,14,14.139.98.164,HackRushCTF{Idon'tknow},incorrect,2022-03-25 17:13:37.529379
260,7,44,4,14.139.98.164,HackRushCTF{Chicago},incorrect,2022-03-25 17:13:43.410957
261,10,25,14,14.139.98.164,HackRushCTF{.eyeew*},incorrect,2022-03-25 17:13:48.747629
262,7,44,4,14.139.98.164,HackRushCTF{Salesforce},incorrect,2022-03-25 17:13:50.524668
263,7,44,4,14.139.98.164,HackRushCTF{Barclays},incorrect,2022-03-25 17:13:56.199099
264,10,25,14,14.139.98.164,HackRushCTF{.eyeeenw*},incorrect,2022-03-25 17:13:57.735147
265,10,31,18,14.139.98.164,HackRushCTF{Where Flag?},incorrect,2022-03-25 17:13:57.962785
266,2,21,13,14.139.98.164,HackRushCTF{R5a_1S_7HaT_$1MPL3??},correct,2022-03-25 17:14:00.416744
267,7,44,4,14.139.98.164,HackRushCTF{UBS},incorrect,2022-03-25 17:14:00.612763
268,7,44,4,14.139.98.164,HackRushCTF{Allianz},incorrect,2022-03-25 17:14:05.356914
269,7,44,4,14.139.98.164,HackRushCTF{H&M},incorrect,2022-03-25 17:14:11.741537
270,10,31,18,14.139.98.164,HackRushCTF{So where is the flag anyway? I don't see it here. Is the challenge not working??},incorrect,2022-03-25 17:14:12.068758
271,10,25,14,14.139.98.164,HackRushCTF{.eydeeenw*},incorrect,2022-03-25 17:14:13.207531
272,7,44,4,14.139.98.164,HackRushCTF{salesforce},incorrect,2022-03-25 17:14:16.052179
273,10,25,14,14.139.98.164,HackRushCTF{eydeeenw*},incorrect,2022-03-25 17:14:18.419367
274,10,25,14,14.139.98.164,HackRushCTF{.eydeeenw},incorrect,2022-03-25 17:14:22.165819
275,10,25,14,14.139.98.164,HackRushCTF{eydeeenw},incorrect,2022-03-25 17:14:24.577578
276,10,25,14,14.139.98.164,HackRushCTF{eydeeenw},incorrect,2022-03-25 17:14:27.297742
277,10,31,18,14.139.98.164,HackRushCTF{So where is the flag anyway? I don't see it here. Is the challenge not working??},incorrect,2022-03-25 17:15:05.805629
278,10,25,14,14.139.98.164,HackRushCTF{YES},incorrect,2022-03-25 17:15:46.627166
279,10,25,14,14.139.98.164,HackRushCTF{nc 20.219.137.184 34899},incorrect,2022-03-25 17:16:00.762058
280,10,25,14,14.139.98.164,HackRushCTF{where},incorrect,2022-03-25 17:16:06.924121
281,10,25,14,14.139.98.164,HackRushCTF{WHERE},incorrect,2022-03-25 17:16:11.262851
282,8,37,21,14.139.98.164,HackRushCTF{7hE_rAb17_hoL3_GOeS_dEE33p},correct,2022-03-25 17:16:29.460127
283,7,44,4,14.139.98.164,HackRushCTF{Boston},incorrect,2022-03-25 17:16:29.819210
284,10,25,14,14.139.98.164,HackRushCTF{?},incorrect,2022-03-25 17:16:33.633638
285,10,25,14,14.139.98.164,HackRushCTF{.?*},incorrect,2022-03-25 17:16:40.786021
286,10,24,11,14.139.98.164,HackRushCTF{SometIM3s_stUFf_I5_H1DD3n_1n_pLAIn_519ht},correct,2022-03-25 17:16:50.656768
287,7,44,4,14.139.98.164,HackRushCTF{LA},incorrect,2022-03-25 17:16:53.421983
288,10,11,10,14.139.98.164,HackRushCTF{.92bb702b7102f38ef165db1d5abb66a2},incorrect,2022-03-25 17:18:05.471225
289,10,11,10,14.139.98.164,HackRushCTF{92bb702b7102f38ef165db1d5abb66a2},incorrect,2022-03-25 17:18:09.948387
290,7,44,4,14.139.98.164,HackRushCTF{Murray Hill},incorrect,2022-03-25 17:18:41.881218
291,7,44,4,14.139.98.164,HackRushCTF{Midtown East},incorrect,2022-03-25 17:18:53.442866
292,7,44,4,14.139.98.164,HackRushCTF{Kips},incorrect,2022-03-25 17:19:08.093350
293,7,51,23,14.139.98.164,HackRushCTF{salesforce},incorrect,2022-03-25 17:19:10.257277
294,7,44,4,14.139.98.164,HackRushCTF{Kips Bay},incorrect,2022-03-25 17:19:15.628191
295,7,44,4,14.139.98.164,"HackRushCTF{Kips Bay, Murray Hill, Midtown East, Murray Hill, New York}",incorrect,2022-03-25 17:19:36.049341
296,7,51,23,14.139.98.164,HackRushCTF{newyork},incorrect,2022-03-25 17:19:40.191344
297,7,51,23,14.139.98.164,HackRushCTF{.newyork},incorrect,2022-03-25 17:19:45.531959
298,7,44,4,14.139.98.164,"HackRushCTF{Kips Bay, Murray Hill, Midtown East, Murray Hill}",incorrect,2022-03-25 17:19:48.987718
299,7,51,23,14.139.98.164,HackRushCTF{.NewYork},incorrect,2022-03-25 17:19:54.522021
300,6,45,22,14.139.98.164,HackrushCTF{},incorrect,2022-03-25 17:20:11.335876
301,7,44,4,14.139.98.164,HackRushCTF{foreign},incorrect,2022-03-25 17:20:13.863734
302,7,44,4,14.139.98.164,HackRushCTF{Foreign},incorrect,2022-03-25 17:20:16.992417
303,6,45,22,14.139.98.164,HackrushCTF{Bot},incorrect,2022-03-25 17:20:21.491654
304,10,43,21,14.139.98.164,HackRushCTF{SometIM3s_stUFf_I5_H1DD3n_1n_pLAIn_519ht},correct,2022-03-25 17:21:12.533865
305,7,44,4,14.139.98.164,HackRushCTF{NYC},incorrect,2022-03-25 17:21:15.340208
306,7,44,4,14.139.98.164,HackRushCTF{New York City},incorrect,2022-03-25 17:21:20.531380
307,7,44,4,14.139.98.164,HackRushCTF{Manhattan},incorrect,2022-03-25 17:21:34.975743
308,6,45,22,14.139.98.164,HackrushCTF{Welcome},incorrect,2022-03-25 17:22:12.627933
309,6,45,22,14.139.98.164,HackRushCTF{},incorrect,2022-03-25 17:22:27.821818
310,7,44,4,14.139.98.164,HackRushCTF{Midtown Manhattan},incorrect,2022-03-25 17:22:30.240575
311,6,45,22,14.139.98.164,HackRushCTF{.*},incorrect,2022-03-25 17:22:33.888446
312,7,44,4,14.139.98.164,HackRushCTF{Midtown},incorrect,2022-03-25 17:22:37.552960
313,6,45,22,14.139.98.164,HackRushCTF{Shanks},incorrect,2022-03-25 17:23:12.018511
314,7,44,4,14.139.98.164,HackRushCTF{ new_york},incorrect,2022-03-25 17:23:38.287637
315,7,44,4,14.139.98.164,HackRushCTF{ New_York},incorrect,2022-03-25 17:23:53.399717
316,10,25,14,14.139.98.164,HackRushCTF{ShiegwI'ehhagtk},incorrect,2022-03-25 17:25:02.022493
317,10,25,14,14.139.98.164,HackRushCTF{ShiegwI'eh hagtk},incorrect,2022-03-25 17:25:05.975401
318,10,25,14,14.139.98.164,HackRushCTF{ShiegwI'eh_hagtk},incorrect,2022-03-25 17:25:09.845842
319,7,44,4,14.139.98.164,HackRushCTF{salesforce},incorrect,2022-03-25 17:25:39.697731
320,7,44,4,14.139.98.164,HackRushCTF{H&M},incorrect,2022-03-25 17:25:52.212360
321,7,44,4,14.139.98.164,HackRushCTF{h&m},incorrect,2022-03-25 17:25:56.456359
322,10,25,14,14.139.98.164,HackRushCTF{WHERE FLAG?},incorrect,2022-03-25 17:26:01.574129
323,10,25,14,14.139.98.164,HackRushCTF{WHEREFLAG?},incorrect,2022-03-25 17:26:05.077666
324,7,44,4,14.139.98.164,HackRushCTF{BARCLAYS},incorrect,2022-03-25 17:26:25.441366
325,7,44,4,14.139.98.164,HackRushCTF{barclays},incorrect,2022-03-25 17:26:30.840878
326,7,44,4,14.139.98.164,HackRushCTF{Barclays},incorrect,2022-03-25 17:26:34.493947
327,7,44,4,14.139.98.164,HackRushCTF{Allianz},incorrect,2022-03-25 17:26:40.211451
328,6,36,20,14.139.98.164,HackRushCTF{WE1cOME_70_H4ckRu5hCTF},correct,2022-03-25 17:26:52.410866
329,2,33,18,14.139.98.164,HackRushCTF{R5a_1S_7HaT_$1MPL3??},correct,2022-03-25 17:27:12.113123
330,6,45,22,14.139.98.164,HackrushCTF{VRmBB6fMYG},incorrect,2022-03-25 17:27:19.345837
331,6,45,22,14.139.98.164,HackRushCTF{VRmBB6fMYG},incorrect,2022-03-25 17:27:25.695273
332,6,45,22,14.139.98.164,HackRushCTF{VRmBB6fMYG},incorrect,2022-03-25 17:27:30.420594
333,10,25,14,14.139.98.164,HackRushCTF{574845524520464c41473f},incorrect,2022-03-25 17:27:43.737245
334,10,25,14,14.139.98.164,HackRushCTF{5748455245464c41473f},incorrect,2022-03-25 17:28:08.416046
335,6,2,5,14.139.98.164,HackRushCTF{.*},incorrect,2022-03-25 17:30:51.361622
336,6,2,5,14.139.98.164,HackRushCTF{Welcome},incorrect,2022-03-25 17:32:07.944719
337,6,2,5,14.139.98.164,HackRushCTF{WELCOME},incorrect,2022-03-25 17:32:45.126710
338,10,51,23,14.139.98.164,HackRushCTF{eydeenw},incorrect,2022-03-25 17:33:02.524118
339,10,51,23,14.139.98.164,HackRushCTF{e ydeenw},incorrect,2022-03-25 17:33:06.529699
340,10,51,23,14.139.98.164,HackRushCTF{e ydeeenw},incorrect,2022-03-25 17:33:44.059874
341,10,51,23,14.139.98.164,HackRushCTF{eydeeenw},incorrect,2022-03-25 17:33:47.281035
342,15,53,25,14.139.98.164,1337,incorrect,2022-03-25 17:34:52.949883
343,20,53,25,14.139.98.164,1337,incorrect,2022-03-25 17:34:59.362444
344,17,53,25,14.139.98.164,1337,incorrect,2022-03-25 17:35:04.903328
345,16,53,25,14.139.98.164,1337,incorrect,2022-03-25 17:35:10.626793
346,7,11,10,14.139.98.164,HackRushCTF{63p9HunG2EK9wtFREpRwSAzSFEI},incorrect,2022-03-25 17:35:11.546207
347,7,11,10,14.139.98.164,HackRushCTF{.63p9HunG2EK9wtFREpRwSAzSFEI},incorrect,2022-03-25 17:35:15.698375
348,4,44,4,14.139.98.164,HackRushCTF{<REDACTED>},incorrect,2022-03-25 17:35:17.398043
349,18,53,25,14.139.98.164,1337,incorrect,2022-03-25 17:35:18.168557
350,19,53,25,14.139.98.164,1337,incorrect,2022-03-25 17:35:23.767605
351,2,43,21,14.139.98.164,HackRushCTF{RSA_1s_c00l},incorrect,2022-03-25 17:36:06.650248
352,4,44,4,14.139.98.164,HackRushCTF{11110010100101000101100010010000011000011101010010001011000100111110},incorrect,2022-03-25 17:36:30.235247
353,2,50,25,14.139.98.164,R5a_1S_7HaT_$1MPL3??,incorrect,2022-03-25 17:36:37.417229
354,2,50,25,14.139.98.164,HackRushCTF{R5a_1S_7HaT_$1MPL3??},correct,2022-03-25 17:37:14.717529
355,10,11,10,14.139.98.164,HackRushCTF{30m6ErkD9BH6tqCOBmOtPXwPCBF},incorrect,2022-03-25 17:38:19.920631
356,10,11,10,14.139.98.164,HackRushCTF{.30m6ErkD9BH6tqCOBmOtPXwPCBF},incorrect,2022-03-25 17:38:23.846543
357,8,24,11,14.139.98.164,HackRushCTF{7hE_rAb17_hoL3_GOeS_dEE33p},correct,2022-03-25 17:40:10.107843
358,10,22,10,14.139.98.164,50,incorrect,2022-03-25 17:41:00.943616
359,4,44,4,14.139.98.164,HackRushCTF{150},incorrect,2022-03-25 17:41:21.038512
360,4,44,4,14.139.98.164,HackRushCTF{89},incorrect,2022-03-25 17:42:08.736750
361,4,44,4,14.139.98.164,HackRushCTF{47},incorrect,2022-03-25 17:42:15.987249
362,7,22,10,14.139.98.164,be7872c3d4ee15dc1d1d98a77255d2c9,incorrect,2022-03-25 17:42:22.061930
363,10,18,12,14.139.98.164,HackRushCTF{SometIM3s_stUFf_I5_H1DD3n_1n_pLAIn_519ht},correct,2022-03-25 17:42:26.290571
364,9,4,2,14.139.98.164,hackrrushctf33{3k3y804rdd33_3keyss33_3c4n33_3be33_3tapped33},incorrect,2022-03-25 17:42:54.123943
365,9,4,2,14.139.98.164,hackrrushctf33{3k3y804rdd33_3keyss33_3c4n33_3be33_3tapped33}3,incorrect,2022-03-25 17:42:57.526371
366,7,22,10,14.139.98.164,HackRushCTF{.be7872c3d4ee15dc1d1d98a77255d2c9},incorrect,2022-03-25 17:43:15.173765
367,9,4,2,14.139.98.164,hackrrushctf{ky804rdd_keyss_c4n_be_tapped},incorrect,2022-03-25 17:43:29.218865
368,7,22,10,14.139.98.164,HackRushCTF{.592da3d5e6bbf2f366c4b4b71da8689b15c58398},incorrect,2022-03-25 17:43:29.664440
369,7,22,10,14.139.98.164,HackRushCTF{.e84cc079209faa3e01cb3c52246be124cbd9b8f4208a2f6ff07dfabe63c96d18},incorrect,2022-03-25 17:43:36.645361
370,2,43,21,14.139.98.164,HackRushCTF{R5a_1S_7HaT_$1MPL3??},correct,2022-03-25 17:43:43.084504
371,7,22,10,14.139.98.164,HackRushCTF{.5435aa58e7ec9bf4db0582631129aff575f424c04f70943de1e0d52397ae9764c05179c9ee535b9ecf580cb86cc99a6ce95a9566351b555fb05036f9a15325db},incorrect,2022-03-25 17:43:43.372835
372,9,4,2,14.139.98.164,HackRushCTF{ky804rdd_keyss_c4n_be_tapped},incorrect,2022-03-25 17:43:56.279726
373,9,4,2,14.139.98.164,HackRushCTF{key804rdd_keyss_c4n_be_tapped},incorrect,2022-03-25 17:43:59.616947
374,9,4,2,14.139.98.164,HackRushCTF{k3y804rdd_keyss_c4n_be_tapped},incorrect,2022-03-25 17:44:04.222579
375,7,22,10,14.139.98.164,HackRushCTF{.12409344},incorrect,2022-03-25 17:44:17.607965
376,7,22,10,14.139.98.164,HackRushCTF{.php0Fn49B},incorrect,2022-03-25 17:49:39.819402
377,6,42,22,14.139.98.164,HackRushCTF{Wave_to_say_hi},incorrect,2022-03-25 17:50:48.392179
378,6,42,22,14.139.98.164,HackRushCTF{Wave_to_say_hi},incorrect,2022-03-25 17:50:54.840402
379,4,44,4,14.139.98.164,HackRushCTF{279675094893945467198},incorrect,2022-03-25 17:50:59.649164
380,6,42,22,14.139.98.164,HackRushCTF{Wave_to_say_hi!},incorrect,2022-03-25 17:51:00.844771
381,4,44,4,14.139.98.164,HackRushCTF{F294589061D48B13E},incorrect,2022-03-25 17:51:09.583706
382,6,11,10,14.139.98.164,HackRushCTF{.819870732435587105},incorrect,2022-03-25 17:51:30.772889
383,6,11,10,14.139.98.164,HackRushCTF{819870732435587105},incorrect,2022-03-25 17:51:34.569144
384,6,11,10,14.139.98.164,HackRushCTF{3f‹≥Ki},incorrect,2022-03-25 17:52:25.325697
385,6,11,10,14.139.98.164,HackRushCTF{.3f‹≥Ki},incorrect,2022-03-25 17:52:30.177702
386,11,45,22,14.139.98.164,"HackrushCTF{:*3$""}",incorrect,2022-03-25 17:53:14.518488
387,11,45,22,14.139.98.164,"HackRushCTF{:*3$""}",incorrect,2022-03-25 17:53:18.911870
388,6,11,10,14.139.98.164,HackRushCTF{.3f‹≥Ki_10_5'tÔøΩm:},incorrect,2022-03-25 17:54:29.401463
389,6,11,10,14.139.98.164,HackRushCTF{.3f‹≥Ki10},incorrect,2022-03-25 17:54:37.448243
390,10,44,4,14.139.98.164,HackRushCTF{2523471532523938},incorrect,2022-03-25 17:55:48.436021
391,10,38,22,14.139.98.164,HackRushCTF{SometIM3s_stUFf_I5_H1DD3n_1n_pLAIn_519ht},correct,2022-03-25 17:56:52.015517
392,8,44,4,14.139.98.164,HackRushCTF{kumtozwdjpaetpgx},incorrect,2022-03-25 17:57:05.728816
393,8,44,4,14.139.98.164,HackRushCTF{cnytkgwjcthhbqsd},incorrect,2022-03-25 17:57:29.610546
394,8,44,4,14.139.98.164,HackRushCTF{onion},incorrect,2022-03-25 17:57:46.494801
395,8,44,4,14.139.98.164,HackRushCTF{rpfzeiuilawgmznn},incorrect,2022-03-25 17:57:58.104530
396,8,44,4,14.139.98.164,HackRushCTF{opoccedagyypvawr},incorrect,2022-03-25 17:58:08.327197
397,8,44,4,14.139.98.164,HackRushCTF{rqcuiepdifdvcmfo},incorrect,2022-03-25 17:58:17.946763
398,8,44,4,14.139.98.164,HackRushCTF{uzppkyhibkgwyroo},incorrect,2022-03-25 17:58:33.753767
399,10,25,14,14.139.98.164,HackRushCTF{_den_},incorrect,2022-03-25 17:58:52.762964
400,10,25,14,14.139.98.164,HackRushCTF{den},incorrect,2022-03-25 17:58:58.907636
401,8,44,4,14.139.98.164,HackRushCTF{vzbvdgyhrdsbkxen},incorrect,2022-03-25 17:59:01.121904
402,8,44,4,14.139.98.164,HackRushCTF{kumtozwdjpaetpgx 2},incorrect,2022-03-25 17:59:16.456007
403,8,44,4,14.139.98.164,HackRushCTF{kumtozwdjpaetpgx},incorrect,2022-03-25 17:59:19.842593
404,10,25,14,14.139.98.164,HackRushCTF{wgtsn},incorrect,2022-03-25 17:59:35.145419
405,8,44,4,14.139.98.164,HackRushCTF{cnytkgwjcthhbqsd},incorrect,2022-03-25 17:59:44.348256
406,10,51,23,14.139.98.164,HackRushCTF{e ydeeenw },incorrect,2022-03-25 17:59:53.208101
407,8,44,4,14.139.98.164,HackRushCTF{ytyhtnghuxcgqdmm},incorrect,2022-03-25 17:59:57.987430
408,8,44,4,14.139.98.164,HackRushCTF{okdechgrpzpircly},incorrect,2022-03-25 18:00:24.893859
409,10,25,14,14.139.98.164,HackRushCTF{_w__o},incorrect,2022-03-25 18:00:32.117561
410,10,25,14,14.139.98.164,HackRushCTF{ w  o},incorrect,2022-03-25 18:00:39.489370
411,8,44,4,14.139.98.164,HackRushCTF{nhlyhdovvdjhhbkr},incorrect,2022-03-25 18:00:40.102778
412,21,2,5,14.139.98.164,HackRushCTF{us3_HM4c_fOR_Si6NATUre_veRiFicATion},correct,2022-03-25 18:00:58.911369
413,10,25,14,14.139.98.164,HackRushCTF{eyeew},incorrect,2022-03-25 18:01:32.741388
414,7,22,10,14.139.98.164,HackRushCTF{.UT8bux},incorrect,2022-03-25 18:01:39.172419
415,7,22,10,14.139.98.164,HackRushCTF{.UT 8bux},incorrect,2022-03-25 18:01:43.538445
416,10,51,23,14.139.98.164,HackRushCTF{ren erhe ?},incorrect,2022-03-25 18:01:54.374116
417,8,44,4,14.139.98.164,HackRushCTF{nhlyhdovvdjhhbkr},incorrect,2022-03-25 18:02:34.674910
418,2,42,22,14.139.98.164,HackRushCTF{R5a_1S_7HaT_$1MPL3??},correct,2022-03-25 18:02:46.436593
419,9,11,10,14.139.98.164,HackRushCTF{.elasticbeanstalk},incorrect,2022-03-25 18:02:51.788614
420,9,11,10,14.139.98.164,HackRushCTF{elasticbeanstalk},incorrect,2022-03-25 18:02:54.904176
421,7,51,23,14.139.98.164,HackRushCTF{newyork},incorrect,2022-03-25 18:03:04.269225
422,9,11,10,14.139.98.164,HackRushCTF{.ws2tpmajrx},incorrect,2022-03-25 18:03:26.679279
423,8,44,4,14.139.98.164,HackRushCTF{nhlyhdovvdjhhbkr},incorrect,2022-03-25 18:03:31.505194
424,9,11,10,14.139.98.164,HackRushCTF{ws2tpmajrx},incorrect,2022-03-25 18:03:31.720663
425,8,44,4,14.139.98.164,HackRushCTF{nhlyhdovvdjhhbkr2},incorrect,2022-03-25 18:03:40.068823
426,9,11,10,14.139.98.164,HackRushCTF{s4spujqaty},incorrect,2022-03-25 18:03:47.111117
427,9,11,10,14.139.98.164,HackRushCTF{.s4spujqaty},incorrect,2022-03-25 18:03:50.615563
428,9,11,10,14.139.98.164,HackRushCTF{.s4spujqaty_ws2tpmajrx},incorrect,2022-03-25 18:04:07.089067
429,9,11,10,14.139.98.164,HackRushCTF{.ws2tpmajrx_s4spujqaty},incorrect,2022-03-25 18:04:22.388651
430,8,44,4,14.139.98.164,HackRushCTF{ymuoipdqyyfxbtma},incorrect,2022-03-25 18:04:45.706605
431,9,11,10,14.139.98.164,HackRushCTF{.37.3388-121.8916},incorrect,2022-03-25 18:07:09.526143
432,15,37,21,14.139.98.164,HackRushCTF{F0rM47_57rlnGS_CaN_Le4k_1NFo},incorrect,2022-03-25 18:08:02.508499
433,9,4,2,14.139.98.164,HackRrushCTF{K3y804rDd_keySs_c4N_be_taPpED},incorrect,2022-03-25 18:08:04.383065
434,15,37,21,14.139.98.164,HackRushCTF{F0rM47_57rlnGS_CaN_Le4k_1NFo},incorrect,2022-03-25 18:08:07.795552
435,9,4,2,14.139.98.164,HackRrushCTF{K3y804rDd_keySs_c4N_be_taPpED},incorrect,2022-03-25 18:08:10.033607
436,8,44,4,14.139.98.164,HackRushCTF{opqijkhrcyyhdohg},incorrect,2022-03-25 18:08:21.722327
437,13,30,17,14.139.98.164,supercomputer,incorrect,2022-03-25 18:08:23.501030
438,15,43,21,14.139.98.164,HackRushCTF{F0rM47_57rInGS_CaN_Le4k_1NFoGS},incorrect,2022-03-25 18:08:23.520843
439,9,4,2,14.139.98.164,HackRrushCTF{K3y804rD_keyS_c4N_be_taPpED},incorrect,2022-03-25 18:08:29.065208
440,9,4,2,14.139.98.164,HackRrushCTF{K3y804rd_keyS_c4N_be_taPpED},incorrect,2022-03-25 18:08:32.722659
441,9,4,2,14.139.98.164,HackRrushCTF{K3y804rD_keys_c4N_be_taPpED},incorrect,2022-03-25 18:08:37.178454
442,8,44,4,14.139.98.164,HackRushCTF{fuekstnusnaubifv},incorrect,2022-03-25 18:08:41.250566
443,9,4,2,14.139.98.164,HackRrushCTF{K3y804rD_keyS_c4N_be_taPpED},incorrect,2022-03-25 18:08:42.105998
444,9,4,2,14.139.98.164,HackRushCTF{K3y804rD_keyS_c4N_be_taPpED},correct,2022-03-25 18:08:48.073886
445,10,23,14,14.139.98.164,HackRushCTF{SometIM3s_stUFf_I5_H1DD3n_1n_pLAIn_519ht},correct,2022-03-25 18:08:55.253535
446,15,37,21,14.139.98.164,HackRushCTF{F0rM47_57rlnGS_CaN_Le4k_1NFoRM4TiON},incorrect,2022-03-25 18:09:19.352051
447,2,30,17,14.139.98.164,10287593023823983081209,incorrect,2022-03-25 18:09:51.489662
448,8,48,25,14.139.98.164,HackRushCTF{7hE_rAb17_hoL3_GOeS_dEE33p},correct,2022-03-25 18:11:16.735297
449,15,37,21,14.139.98.164,HackRushCTF{F0rM47_57rInGS_CaN_Le4k_1NFoRM4TiON},correct,2022-03-25 18:11:24.942558
450,9,18,12,14.139.98.164,HackRrushCTF[K3y804rDd-keySs-c4N-be-taPpED],incorrect,2022-03-25 18:12:04.854849
451,9,18,12,14.139.98.164,HackRrushCTF{K3y804rDd-keySs-c4N-be-taPpED},incorrect,2022-03-25 18:12:21.711076
452,7,11,10,14.139.98.164,HackRushCTF{ÔøΩÔøΩÔøΩÔøΩ},incorrect,2022-03-25 18:13:11.153699
453,9,18,12,14.139.98.164,HackRrushCTF{K3y804rDd-keySs-c4N-be-taPpED},incorrect,2022-03-25 18:13:20.848830
454,7,11,10,14.139.98.164,"HackRushCTF{......JFIF.....,}",incorrect,2022-03-25 18:13:30.531515
455,7,11,10,14.139.98.164,"HackRushCTF{>......JFIF.....,}",incorrect,2022-03-25 18:13:33.196114
456,7,11,10,14.139.98.164,"HackRushCTF{.......JFIF.....,}",incorrect,2022-03-25 18:13:35.571829
457,6,48,25,14.139.98.164,HackRushCTF{WE1cOME_70_H4ckRu5hCTF}},incorrect,2022-03-25 18:14:57.952657
458,6,55,26,14.139.98.164,HackRushCTF{WE1cOME_70_H4ckRu5hCTF},correct,2022-03-25 18:15:24.287114
459,6,48,25,14.139.98.164,HackRushCTF{WE1cOME_70_H4ckRu5hCTF},correct,2022-03-25 18:15:29.795676
460,6,2,5,14.139.98.164,HackRushCTF{WE1cOME_70_H4ckRu5hCTF},correct,2022-03-25 18:15:39.351036
461,6,11,10,14.139.98.164,HackRushCTF{.956570755775234092},incorrect,2022-03-25 18:16:15.231985
462,6,11,10,14.139.98.164,HackRushCTF{956570755775234092},incorrect,2022-03-25 18:16:19.176413
463,9,18,12,14.139.98.164,HackRrushCTF[K3y804rDd-keySs-c4N-be-taPpED],incorrect,2022-03-25 18:17:02.038652
464,9,18,12,14.139.98.164,HackRrushCTF{K3y804rDd_keySs_c4N_be_taPpED},incorrect,2022-03-25 18:17:13.851775
465,9,18,12,14.139.98.164,HackRrushCTF{K3y804rDd_keyS_c4N_be_taPED},incorrect,2022-03-25 18:17:25.121722
466,9,18,12,14.139.98.164,HackRrushCTF{K3y804rDd_keyS_c4N_be_taPpED},incorrect,2022-03-25 18:17:26.942383
467,9,18,12,14.139.98.164,HackRrushCTF{K3y804rDd_keyS_c4N_be_taPpED},incorrect,2022-03-25 18:17:28.309999
468,6,11,10,14.139.98.164,HackRushCTF{http://20.219.137.184:5000/},incorrect,2022-03-25 18:17:30.468637
469,9,18,12,14.139.98.164,HackRrushCTF{K3y804rDd_keyS_c4N_be_tapED},incorrect,2022-03-25 18:17:31.535637
470,9,18,12,14.139.98.164,HackRrushCTF{K3y804rDd_keyS_c4N_be_taPpED},incorrect,2022-03-25 18:17:34.416610
471,9,18,12,14.139.98.164,HackRrushCTF{K3y804rDd_keySs_c4N_be_taPpED},incorrect,2022-03-25 18:17:36.952182
472,6,11,10,14.139.98.164,HackRushCTF{.http://20.219.137.184:5000/},incorrect,2022-03-25 18:17:37.085588
473,9,18,12,14.139.98.164,HackRrushCTF{K3y804rDd_keys_c4N_be_taPpED},incorrect,2022-03-25 18:17:39.496712
474,9,18,12,14.139.98.164,HackRrushCTF{K3y804rd_keys_c4N_be_taPpED},incorrect,2022-03-25 18:18:10.568313
475,9,18,12,14.139.98.164,HackRrushCTF{K3y804rd_keyS_c4N_be_taPpED},incorrect,2022-03-25 18:18:14.510175
476,9,18,12,14.139.98.164,HackRrushCTF{K3y804rD_keySs_c4N_be_taPpED},incorrect,2022-03-25 18:18:18.486031
477,9,18,12,14.139.98.164,HackRrushCTF{K3y804rD_keys_c4N_be_taPpED},incorrect,2022-03-25 18:18:21.014435
478,9,18,12,14.139.98.164,HackRrushCTF{K3y804rD_keys_c4N_be_taPpED},incorrect,2022-03-25 18:18:22.560722
479,9,18,12,14.139.98.164,HackRrushCTF{K3y804rD_keys_c4N_be_taPpED},incorrect,2022-03-25 18:18:25.122427
480,9,18,12,14.139.98.164,HackRrushCTF{K3y804rD_keys_c4N_be_taPpED},incorrect,2022-03-25 18:18:27.983007
481,9,18,12,14.139.98.164,HackRrushCTF{K3y804rD_keyS_c4N_be_taPpED},incorrect,2022-03-25 18:18:32.576147
482,9,18,12,14.139.98.164,HackRrushCTF{K3y804rD_keys_c4N_be_taPpED},incorrect,2022-03-25 18:18:37.666486
483,10,3,6,14.139.98.164,HackRushCTF{},incorrect,2022-03-25 18:19:02.469148
484,8,44,4,14.139.98.164,HackRushCTF{fuekstnusnaubifv},incorrect,2022-03-25 18:19:20.939942
485,8,44,4,14.139.98.164,HackRushCTF{fldhgjoskvjojoef},incorrect,2022-03-25 18:20:31.584009
486,7,4,2,14.139.98.164,HackRushCTF{so_ManY_pl4ces_T0_hIde_in_1mA6e5},correct,2022-03-25 18:20:42.046378
487,8,44,4,14.139.98.164,HackRushCTF{fldhgjoskvjojoef},incorrect,2022-03-25 18:21:10.731113
488,10,3,6,14.139.98.164,,incorrect,2022-03-25 18:21:37.018277
489,8,44,4,14.139.98.164,HackRushCTF{kehjxwswdlskdgly},incorrect,2022-03-25 18:21:49.291067
490,7,53,25,14.139.98.164,HackRushCTF{San Francisco},incorrect,2022-03-25 18:24:04.477284
491,7,53,25,14.139.98.164,HackRushCTF{San_Francisco},incorrect,2022-03-25 18:24:09.370712
492,6,60,27,14.139.98.164,HackRushCTF{.*},incorrect,2022-03-25 18:25:10.260071
493,9,18,12,14.139.98.164,hackrrushctf{k3y804rdd_keyss_c4n_be_tapped},incorrect,2022-03-25 18:27:47.185732
494,6,60,27,14.139.98.164,HackRushCTF{miscellaneous},incorrect,2022-03-25 18:28:27.909798
495,6,60,27,14.139.98.164,HackRushCTF{.*},incorrect,2022-03-25 18:28:36.756226
496,6,60,27,14.139.98.164,HackRushCTF{Welcome},incorrect,2022-03-25 18:28:51.927796
497,6,60,27,14.139.98.164,HackRushCTF{Flag},incorrect,2022-03-25 18:28:57.824572
498,6,60,27,14.139.98.164,HackRushCTF{flag},incorrect,2022-03-25 18:29:29.576160
499,6,60,27,14.139.98.164,HackRushCTF{Welcome},incorrect,2022-03-25 18:29:38.910238
500,9,18,12,14.139.98.164,HackRrushCTF{K3y804rDd_keySs_c4N_be_taPpED},incorrect,2022-03-25 18:30:22.501147
501,7,44,4,14.139.98.164,HackRushCTF{New York},incorrect,2022-03-25 18:34:42.091070
502,7,44,4,14.139.98.164,HackRushCTF{Barclays},incorrect,2022-03-25 18:34:52.014227
503,7,44,4,14.139.98.164,HackRushCTF{UBS},incorrect,2022-03-25 18:35:18.027380
504,9,18,12,14.139.98.164,HackRrushCTF{K3y804rD_keys_c4N_be_taPpED},incorrect,2022-03-25 18:35:55.536061
505,6,11,10,14.139.98.164,HackRushCTF{3f‹≥KiÔøΩP	ÔøΩÔøΩÔøΩ},incorrect,2022-03-25 18:36:17.568096
506,6,11,10,14.139.98.164,HackRushCTF{.3f‹≥KiÔøΩP	ÔøΩÔøΩÔøΩ},incorrect,2022-03-25 18:36:21.225806
507,2,15,9,14.139.98.164,ÔøΩÔøΩ	ÔøΩct6ÔøΩÔøΩÔøΩ:bÔøΩÔøΩ}ÔøΩJÃãhÔøΩÔøΩÔøΩÔøΩjhvÔøΩd9jDÔøΩÔøΩÔøΩ“êÔøΩ}3}ÔøΩÔøΩSA,incorrect,2022-03-25 18:39:23.491790
508,7,44,4,14.139.98.164,HackRushCTF{4},incorrect,2022-03-25 18:39:41.020199
509,7,44,4,14.139.98.164,HackRushCTF{5},incorrect,2022-03-25 18:39:52.582922
510,9,18,12,14.139.98.164,HackRrushCTF{K3y804rDd_keySs_c4N_be_taPpED},incorrect,2022-03-25 18:40:04.743975
511,10,3,6,14.139.98.164,So where is the flag anyway? I don't see it here. Is the challenge not working?,incorrect,2022-03-25 18:41:01.053455
512,7,44,4,14.139.98.164,HackRushCTF{H},incorrect,2022-03-25 18:41:55.622225
513,7,44,4,14.139.98.164,HackRushCTF{Building},incorrect,2022-03-25 18:44:12.560455
514,7,58,25,14.139.98.164,HackRush{.salesforce},incorrect,2022-03-25 18:47:57.296470
515,7,58,25,14.139.98.164,HackRush{salesforce},incorrect,2022-03-25 18:48:00.049939
516,7,58,25,14.139.98.164,HackRush{salesforce},incorrect,2022-03-25 18:48:02.037114
517,10,3,6,14.139.98.164,HackRushCTF{eydeeenw},incorrect,2022-03-25 18:53:39.262287
518,10,55,26,14.139.98.164,HackRushCTF{gea},incorrect,2022-03-25 18:54:44.885530
519,10,55,26,14.139.98.164,HackRushCTF{gae},incorrect,2022-03-25 18:54:48.219109
520,20,4,2,14.139.98.164,HackRushCTF{normie_hai_kya?_aise_flag_thodi_na_milega},incorrect,2022-03-25 18:55:31.549251
521,2,54,23,14.139.98.164,131197754440403933813227571742639512062388975412646732625826977244713838847343647105607694065961478051783984968392883918,incorrect,2022-03-25 19:01:13.336100
522,7,42,22,14.139.98.164,HackRushCTF{krqtfhbllaeipgdz},incorrect,2022-03-25 19:01:45.514685
523,2,54,23,14.139.98.164,110100000001101110010000001011010110101001100010101101001000110110101100011000000010010111010101011001110010011110101110000010100101110110111110110100101100001101110001000011000100110011001000011000110010111010100101010110010000110011101001111000110100001000100100111011101110011110110111100011000000001100111000001011110010011101100100110001111011100001111011110010011110111110011011111011001110,incorrect,2022-03-25 19:02:27.836188
524,11,31,18,14.139.98.164,HackRushCTF{S1MDf0rM3},incorrect,2022-03-25 19:02:38.212086
525,10,14,6,14.139.98.164,HackRushCTF{e ydeeenw},incorrect,2022-03-25 19:02:56.034972
526,15,4,2,14.139.98.164,HackRushCTF{e4k_1NFoGS_CaN_L47_57rI}},incorrect,2022-03-25 19:04:57.364922
527,2,54,23,14.139.98.164,HackRushCTF{R5a_1S_7HaT_$1MPL3??},correct,2022-03-25 19:07:58.220470
528,15,4,2,14.139.98.164,HackRushCTF{e4k_1NFoGS_CaN_L47_57rI},incorrect,2022-03-25 19:08:08.985673
529,9,38,22,14.139.98.164,HackRrushCTF{K3y804rDd-keySs-c4N-be-taPpED},incorrect,2022-03-25 19:09:22.062352
530,9,38,22,14.139.98.164,HackRushCTF{K3y804rDd-keySs-c4N-be-taPpED},incorrect,2022-03-25 19:09:30.824666
531,8,11,10,14.139.98.164,HackRushCTF{7hE_rAb17_hoL3_GOeS_dEE33p},correct,2022-03-25 19:09:32.170172
532,9,38,22,14.139.98.164,HackRushCTF{K3y804rDd_keyS_c4N_be_taPpED},incorrect,2022-03-25 19:09:49.471915
533,9,38,22,14.139.98.164,HackRushCTF{K3y804rD_keyS_c4N_be_taPED},incorrect,2022-03-25 19:10:05.955099
534,9,38,22,14.139.98.164,HackRushCTF{K3y804rD_keyS_c4N_be_taPpED},correct,2022-03-25 19:10:21.511785
535,15,4,2,14.139.98.164,HackRushCTF{F0rM47_57rInGS_CaN_Le4k_1NFoRM4TiON},correct,2022-03-25 19:12:40.573850
536,2,15,9,14.139.98.164,HackRushCTF{R5a_1S_7HaT_$1MPL3??},correct,2022-03-25 19:12:42.878692
537,7,36,20,14.139.98.164,HackRushCTF{krqtfhbllaeipgdz},incorrect,2022-03-25 19:17:36.800609
538,2,10,6,14.139.98.164,HackRushCTF{R5a_1S_7HaT_$1MPL3??},correct,2022-03-25 19:20:00.288265
539,8,51,23,14.139.98.164,HackRushCTF{7hE_rAb17_hoL3_GOeS_dEE33p},correct,2022-03-25 19:20:48.389054
540,6,15,9,14.139.98.164,HackRushCTF{.*},incorrect,2022-03-25 19:22:01.240118
541,18,52,28,14.139.98.164,,incorrect,2022-03-25 19:24:04.276819
542,2,24,11,14.139.98.164,HackRushCTF{R5a_1S_7HaT_$1MPL3??},correct,2022-03-25 19:26:10.225514
543,10,46,16,14.139.98.164,HackRushCTF{SometIM3s_stUFf_I5_H1DD3n_1n_pLAIn_519ht},correct,2022-03-25 19:29:42.179079
544,10,48,25,14.139.98.164,HackRushCTF{SometIM3s_stUFf_I5_H1DD3n_1n_pLAIn_519ht},correct,2022-03-25 19:34:35.688732
545,14,45,22,14.139.98.164,HackRushCTF{TX||~{tR},incorrect,2022-03-25 19:35:41.863472
546,10,2,5,14.139.98.164,HackRushCTF{SometIM3s_stUFf_I5_H1DD3n_1n_pLAIn_519ht},correct,2022-03-25 19:38:40.940035
547,8,2,5,14.139.98.164,HackRushCTF{7hE_rAb17_hoL3_GOeS_dEE33p},correct,2022-03-25 19:40:31.429274
548,8,18,12,14.139.98.164,HackRushCTF{7hE_rAb17_hoL3_GOeS_dEE33p},correct,2022-03-25 19:42:29.771453
549,14,45,22,14.139.98.164,HackRushCTF{sDDp},incorrect,2022-03-25 19:44:51.322825
550,8,7,4,14.139.98.164,HackRushCTF{7hE_rAb17_hoL3_GOeS_dEE33p},correct,2022-03-25 19:44:52.281215
551,10,41,18,14.139.98.164,HackRushCTF{SometIM3s_stUFf_I5_H1DD3n_1n_pLAIn_519ht},correct,2022-03-25 19:47:12.236268
552,8,15,9,14.139.98.164,HackRushCTF{7hE_rAb17_hoL3_GOeS_dEE33p},correct,2022-03-25 19:51:48.398478
553,9,18,12,14.139.98.164,HackRrushCTF{K3y804rDd_keySs_c4N_be_taPpED},incorrect,2022-03-25 20:05:35.063497
554,9,18,12,14.139.98.164,HackRushCTF{K3y804rDd_keySs_c4N_be_taPpED},incorrect,2022-03-25 20:07:13.935481
555,9,18,12,14.139.98.164,HackRushCTF{K3y804rD_keySs_c4N_be_taPpED},incorrect,2022-03-25 20:07:17.591085
556,9,18,12,14.139.98.164,HackRushCTF{K3y804rD_keyS_c4N_be_taPpED},correct,2022-03-25 20:07:22.037172
557,2,11,10,14.139.98.164,HackRushCTF{261977957858286543382916279390969763714480775961295869373708300585064493316492634015168233568737162603071513375912279599},incorrect,2022-03-25 20:14:09.815404
558,11,31,18,14.139.98.164,HackRushCTF{n00b},incorrect,2022-03-25 20:19:58.593595
559,2,18,12,14.139.98.164,HackRushCTF{R5a_1S_7HaT_$1MPL3??},correct,2022-03-25 20:20:30.596379
560,3,33,18,14.139.98.164,,incorrect,2022-03-25 20:23:36.326141
561,11,14,6,14.139.98.164,HackRushCTF{ Please enter your flag},incorrect,2022-03-25 20:28:23.439043
562,11,31,18,14.139.98.164,HackRushCTF{12},incorrect,2022-03-25 20:32:04.253493
563,11,31,18,14.139.98.164,"HackRushCTF{"",12}",incorrect,2022-03-25 20:32:17.049081
564,11,31,18,14.139.98.164,"HackRushCTF{"",0xc}",incorrect,2022-03-25 20:32:23.840286
565,8,33,18,14.139.98.164,HackRushCTF{7hE_rAb17_hoL3_GOeS_dEE33p},correct,2022-03-25 20:35:14.219018
566,11,42,22,14.139.98.164,HackRushCTF{S1mple_REv},incorrect,2022-03-25 20:35:46.321129
567,11,42,22,14.139.98.164,HackRushCTF{s1mple_REv},correct,2022-03-25 20:36:07.928253
568,6,38,22,14.139.98.164,HackRushCTF{WE1cOME_70_H4ckRu5hCTF},correct,2022-03-25 20:40:59.905892
569,10,54,23,14.139.98.164,HackRushCTF{SometIM3s_stUFf_I5_H1DD3n_1n_pLAIn_519ht},correct,2022-03-25 20:45:55.896648
570,21,51,23,14.139.98.164,HackRushCTF{SometIM3s_stUFf_I5_H1DD3n_1n_pLAIn_519ht},incorrect,2022-03-25 21:07:41.058910
571,21,32,23,14.139.98.164,HackRushCTF{us3_HM4c_fOR_Si6NATUre_veRiFicATion},correct,2022-03-25 21:18:14.042280
572,21,33,18,14.139.98.164,HackRushCTF{us3_HM4c_fOR_Si6NATUre_veRiFicATion},correct,2022-03-25 21:19:28.803180
573,20,45,22,14.139.98.164,HackRushCTF{normie_hai_kya?_aise_flag_thodi_na_milega},incorrect,2022-03-25 21:19:59.137528
574,2,55,26,14.139.98.164,HackRushCTF{b'\x19'},incorrect,2022-03-25 21:35:29.555099
575,2,55,26,14.139.98.164,HackRushCTF{b'\x19'},incorrect,2022-03-25 21:35:57.037450
576,2,55,26,14.139.98.164,HackRushCTF{b'$'},incorrect,2022-03-25 21:43:26.811471
577,2,55,26,14.139.98.164,HackRushCTF{$},incorrect,2022-03-25 21:43:36.271231
578,2,55,26,14.139.98.164,HackRushCTF{b$},incorrect,2022-03-25 21:43:40.922347
579,2,55,26,14.139.98.164,HackRushCTF{b'$'},incorrect,2022-03-25 21:43:44.054630
580,2,55,26,14.139.98.164,b'q\x14\t`\x95V\x19',incorrect,2022-03-25 21:50:01.054828
581,2,55,26,14.139.98.164,HackRushCTF{b'q\x14\t`\x95V\x19'},incorrect,2022-03-25 21:50:12.153883
582,8,19,16,14.139.98.164,HackRushCTF{7hE_rAb17_hoL3_GOeS_dEE33p},correct,2022-03-25 21:59:40.153900
583,4,55,26,14.139.98.164,HackRushCTF{284859613172267361846334},incorrect,2022-03-25 22:43:41.644527
584,4,55,26,14.139.98.164,HackRushCTF{b'(HYa1r&sa\x84c4'},incorrect,2022-03-25 22:46:51.693247
585,11,15,9,14.139.98.164,HackRushCTF{s1mple_REv},correct,2022-03-25 22:48:27.784237
586,4,55,26,14.139.98.164,HackRushCTF{KEhZYTFyJnNhhGM0},incorrect,2022-03-25 22:51:13.963597
587,4,55,26,14.139.98.164,HackRushCTF{KEhZYTFyJnNhhGM0},incorrect,2022-03-25 22:52:43.594108
588,4,55,26,14.139.98.164,HackRushCTF{b'<REDACTED>'},incorrect,2022-03-25 23:02:03.265786
589,8,14,6,14.139.98.164,HackRushCTF{nOthIng},incorrect,2022-03-25 23:08:03.412896
590,10,16,8,14.139.98.164,HackRushCTF{eyeew},incorrect,2022-03-25 23:45:35.121349
591,4,55,26,14.139.98.164,HackRushCTF{DOnt_REU$E_PrIm3S},correct,2022-03-25 23:48:54.392652
592,4,18,12,14.139.98.164,HackRushCTF{DOnt_REU$E_PrIm3S},correct,2022-03-25 23:51:31.862810
593,2,46,16,14.139.98.164,HackRushCTF{R5a_1S_7HaT_$1MPL3??},correct,2022-03-26 00:02:34.892684
594,7,38,22,14.139.98.164,HackRushCTF{so_ManY_pl4ces_T0_hIde_in_1mA6e5},correct,2022-03-26 00:29:02.204950
595,15,38,22,14.139.98.164,HackRushCTF{F0rM47_57rInGS_CaN_Le4k_1NFoRM4TiON},correct,2022-03-26 01:43:22.025866
596,20,18,12,14.139.98.164,HackRushCTF{normie_hai_kya?_aise_flag_thodi_na_milega},incorrect,2022-03-26 03:22:10.822202
597,6,17,10,14.139.98.164,Wave to say hi!,incorrect,2022-03-26 03:55:14.759933
598,7,17,10,14.139.98.164,UBS,incorrect,2022-03-26 03:56:35.622887
599,7,17,10,14.139.98.164,salesforce,incorrect,2022-03-26 03:57:34.594317
600,7,17,10,14.139.98.164,San Francisco,incorrect,2022-03-26 03:58:09.308157
601,7,17,10,14.139.98.164,New York,incorrect,2022-03-26 04:02:58.470402
602,7,17,10,14.139.98.164,comcast,incorrect,2022-03-26 04:03:47.527500
603,7,17,10,14.139.98.164,COMCAST,incorrect,2022-03-26 04:03:55.135874
604,6,64,30,14.139.98.164,,incorrect,2022-03-26 04:10:49.999080
605,6,64,30,14.139.98.164,https://discord.gg/VRmBB6fMYG,incorrect,2022-03-26 04:11:04.093006
606,11,24,11,14.139.98.164,HackRushCTF{s1mple_rev},incorrect,2022-03-26 04:14:24.527437
607,11,24,11,14.139.98.164,HackRushCTF{s1mple_rEv},incorrect,2022-03-26 04:17:03.384828
608,6,64,30,14.139.98.164,HackRushCTF{.*},incorrect,2022-03-26 04:33:18.285363
609,6,65,31,14.139.98.164,HackRushCTF{WE1cOME_70_H4ckRu5hCTF},correct,2022-03-26 04:37:06.789001
610,11,24,11,14.139.98.164,HackRushCTF{s1mple_REv},correct,2022-03-26 04:40:36.823330
611,6,64,30,14.139.98.164,HackRushCTF{HackRush 2022},incorrect,2022-03-26 04:42:15.201767
612,6,64,30,14.139.98.164,HackRushCTF{https://discord.gg/VRmBB6fMYG},incorrect,2022-03-26 04:42:35.009877
613,10,64,30,14.139.98.164,HackRushCTF{0100 0000 0100},incorrect,2022-03-26 04:54:57.986913
614,10,64,30,14.139.98.164,HackRushCTF{0100},incorrect,2022-03-26 04:55:56.201774
615,10,65,31,14.139.98.164,HackRushCTF{SometIM3s_stUFf_I5_H1DD3n_1n_pLAIn_519ht},correct,2022-03-26 05:12:52.097653
616,2,65,31,14.139.98.164,HackRushCTF{R5a_1S_7HaT_$1MPL3??},correct,2022-03-26 06:32:17.337505
617,7,16,8,14.139.98.164,HackRushCTF{phpdGWsm8},incorrect,2022-03-26 07:14:29.021017
618,2,25,14,14.139.98.164,HackRushCTF{R5a_1S_7HaT_$1MPL3??},correct,2022-03-26 07:16:38.757090
619,9,21,13,14.139.98.164,HackRushCTF{3k3y804rdd33-3keyss33-3be33-3tapped33},incorrect,2022-03-26 07:31:06.180561
620,9,21,13,14.139.98.164,HackRushCTF{ky804rdd-keyss-be-tapped},incorrect,2022-03-26 07:31:32.744457
621,9,21,13,14.139.98.164,HackRushCTF{kyrdd-keyss-be-tapped},incorrect,2022-03-26 07:31:37.672021
622,7,16,8,14.139.98.164,HackRushCTF{txtUT},incorrect,2022-03-26 07:46:12.303184
623,7,16,8,14.139.98.164,HackRushCTF{flag.txtUT},incorrect,2022-03-26 07:46:19.764043
624,11,2,5,14.139.98.164,HackRushCTF{s1mPle_REv},incorrect,2022-03-26 07:59:39.786705
625,11,2,5,14.139.98.164,HackRushCTF{s1mple_REv},correct,2022-03-26 08:00:23.625937
626,10,3,6,14.139.98.164,HackRushCTF{grep},incorrect,2022-03-26 08:14:51.820006
627,4,65,31,14.139.98.164,HackRushCTF{816a9052bd7204fc46276d95b04bc20601c173d990dbe508c4785f043bea78ec7e55b76939f},incorrect,2022-03-26 08:34:55.368844
628,4,65,31,14.139.98.164,HackRushCTF{ÔøΩjÔøΩRÔøΩrÔøΩF'mÔøΩÔøΩKÔøΩÔøΩsŸêÔøΩÔøΩÔøΩx_;ÔøΩxÔøΩ~UÔøΩi9},incorrect,2022-03-26 08:39:38.007757
629,1,4,2,14.139.98.164,HackRushCTF{3471NG_oNe_Bite_At_@_T1m3},correct,2022-03-26 09:13:03.707785
630,3,18,12,14.139.98.164,HackRushCTF{DOuBLe_1$_no7_alWay5_b3t7ER},correct,2022-03-26 09:16:59.214977
631,4,65,31,14.139.98.164,HackRushCTF{a5e6fe5eee108},incorrect,2022-03-26 09:23:26.525567
632,15,24,11,14.139.98.164,HackCTF{47_5GS_Ce4k_RM4T},incorrect,2022-03-26 09:35:59.971112
633,15,24,11,14.139.98.164,HackRushCTF{47_5GS_Ce4k_RM4T},incorrect,2022-03-26 09:36:12.032333
634,8,21,13,14.139.98.164,HackRushCTF{7hE_rAb17_hoL3_GOeS_dEE33p},correct,2022-03-26 10:10:29.197429
635,15,24,11,14.139.98.164,HackRushCTF{F0rM47_57rInGS_CaN_Le4k_1NFoRM4TioN},incorrect,2022-03-26 10:17:46.931275
636,15,24,11,14.139.98.164,HackRushCTF{F0rM47_57rInGS_CaN_Le4k_1NFoRM4TiON},correct,2022-03-26 10:19:29.180356
637,9,2,5,14.139.98.164,HackRushCTF{SN1FF_TH3_FL4G_OV3R_U58},incorrect,2022-03-26 10:32:38.501368
638,9,21,13,14.139.98.164,HackRushCTF{K3y804rD_keyS_c4N_be_taPpED},correct,2022-03-26 11:01:10.252556
639,9,23,14,14.139.98.164,HackRushCTF{hackrrushctf3[3k3y804rdd3-3keyss3-3c4n3-3be3-3tapped3]3},incorrect,2022-03-26 11:16:45.325719
640,9,23,14,14.139.98.164,HackRushCTF{hackrrushctf[3k3y804rdd3-3keyss3-3c4n3-3be3-3tapped3]},incorrect,2022-03-26 11:17:00.050065
641,9,23,14,14.139.98.164,HackRushCTF{hackrrushctf[k3y804rdd-keyss-c4n-be-tapped]},incorrect,2022-03-26 11:17:25.703484
642,9,23,14,14.139.98.164,hackrrushctf3[3k3y804rdd3-3keyss3-3c4n3-3be3-3tapped3]3,incorrect,2022-03-26 11:17:32.029829
643,9,23,14,14.139.98.164,HackRushCTF{k3y804rdd-keyss-c4n-be-tapped]},incorrect,2022-03-26 11:18:00.015656
644,10,55,26,14.139.98.164,HackRushCTF{SometIM3s_stUFf_I5_H1DD3n_1n_pLAIn_519ht},correct,2022-03-26 11:23:47.866402
645,9,23,14,14.139.98.164,HackRushCTF{hackrrushctf3[3k3y804rdd3-3keyss3-3c4n3-3be3-3tapped3]3},incorrect,2022-03-26 11:27:45.948077
646,9,23,14,14.139.98.164,HackRushCTF{hackrrushctf[k3y804rdd-keyss-c4n-be-tapped]},incorrect,2022-03-26 11:28:11.771231
647,9,23,14,14.139.98.164,HackRushCTF{hackrrushctf3[3k3y804rdd3-3keyss3-3c4n3-3be3-3tapped3]3},incorrect,2022-03-26 11:28:45.966628
648,9,23,14,14.139.98.164,HackRushCTF{hackrrushctf3[3k3y804rd3-3keys3-3c4n3-3be3-3tapped3]3},incorrect,2022-03-26 11:29:12.739321
649,9,23,14,14.139.98.164,hackrrushctf3[3k3y804rdd3-3keyss3-3c4n3-3be3-3tapped3]3,incorrect,2022-03-26 11:29:34.816958
650,9,23,14,14.139.98.164,HACKRUSHCTF3[3K3Y804rDD3-3KEYSS3-3C4N3-3BE3-3TAPPED3]3,incorrect,2022-03-26 11:34:16.155010
651,9,23,14,14.139.98.164,HackRushCTF{HACKRUSHCTF3[3K3Y804rDD3-3KEYSS3-3C4N3-3BE3-3TAPPED3]3},incorrect,2022-03-26 11:34:41.438098
652,9,23,14,14.139.98.164,HackRushCTF{k38o4rdd-k3yss-c4n-b3-t4pp3d},incorrect,2022-03-26 11:35:59.726937
653,9,23,14,14.139.98.164,HackRushCTF{k38o4rdd-k3yss-c4n-b3-tapped},incorrect,2022-03-26 11:36:35.998190
654,21,4,2,14.139.98.164,HackRushCTF{us3_HM4c_fOR_Si6NATUre_veRiFicATion},correct,2022-03-26 11:41:40.988077
655,9,23,14,14.139.98.164,HackRushCTF{hackrushctf3[3k38o4rdd3_3k3yss3_3c4n3_3be3_3tapped3]3},incorrect,2022-03-26 12:00:47.921400
656,2,55,26,14.139.98.164,HackRushCTF{R5a_1S_7HaT_$1MPL3??},correct,2022-03-26 12:01:25.537358
657,9,23,14,14.139.98.164,HackRushCTF{HACKRRUSHCTF3[3K3Y804RDD3_3KEYSS3_3C4N3_3BE3_3TAPPED3]},incorrect,2022-03-26 12:03:47.500938
658,9,23,14,14.139.98.164,HackRushCTF{HACKRRUSHCTF[K3Y804RDD_KEYSS_C4N_BE_TAPPED3},incorrect,2022-03-26 12:05:15.195525
659,9,23,14,14.139.98.164,HackRushCTF{hackrrushctf3[3k3y804rdd3_3keyss3_3c4n3_3be3_3tapped3]},incorrect,2022-03-26 12:06:34.803841
660,9,23,14,14.139.98.164,HackRushCTF{3k3y804rdd3_3keyss3_3c4n3_3be3_3tapped3},incorrect,2022-03-26 12:06:55.398696
661,9,23,14,14.139.98.164,HackRushCTF{3K3Y804RDD3_3KEYSS3_3C4N3_3BE3_3TAPPED3},incorrect,2022-03-26 12:07:39.906378
662,9,23,14,14.139.98.164,HackRushCTF{K3Y804RDD3_KEYSS_C4N_BE_TAPPED},incorrect,2022-03-26 12:08:02.276880
663,9,23,14,14.139.98.164,HackRushCTF{K3Y804RDD3_3KEYSS3_3C4N3_3BE3_3TAPPED},incorrect,2022-03-26 12:15:18.579336
664,9,23,14,14.139.98.164,HackRushCTF{[K3Y804RDD3_3KEYSS3_3C4N3_3BE3_3TAPPED]},incorrect,2022-03-26 12:15:28.557269
665,9,23,14,14.139.98.164,HackRushCTF{hackrrushctf3[3k3y804rdd3-3keyss3-3c4n3-3be3-3tapped3]3},incorrect,2022-03-26 12:20:41.677653
666,9,23,14,14.139.98.164,HackRushCTF{3k3y804rdd3-3keyss3-3c4n3-3be3-3tapped3},incorrect,2022-03-26 12:21:11.053713
667,9,23,14,14.139.98.164,HackRushCTF{3K3Y804RDD3-3KEYSS3-3C4N3-3BE3-3TAPPED3},incorrect,2022-03-26 12:21:49.333571
668,11,25,14,14.139.98.164,picoCTF{n0ts3cur3_894a6546},incorrect,2022-03-26 12:24:27.358349
669,1,18,12,14.139.98.164,HackRushCTF{3471NG_oNe_Bite_At_@_T1m3},correct,2022-03-26 12:30:03.788570
670,11,25,14,14.139.98.164,HackRushCTF{12},incorrect,2022-03-26 12:31:40.590566
671,9,23,14,14.139.98.164,HackRushCTF{k3y804rdd_keyss_c4n_be_tapped},incorrect,2022-03-26 12:32:00.783908
672,9,23,14,14.139.98.164,HackRushCTF{[k3y804rdd_keyss_c4n_be_tapped]},incorrect,2022-03-26 12:32:12.302672
673,9,23,14,14.139.98.164,HackRushCTF{hackrushctf[k3y804rdd_keyss_c4n_be_tapped]},incorrect,2022-03-26 12:32:24.426771
674,6,22,10,14.139.98.164,HackRushCTF{https://discord.gg/VRmBB6fMYG},incorrect,2022-03-26 12:32:37.207361
675,6,22,10,14.139.98.164,HackRushCTF{discord.gg/VRmBB6fMYG},incorrect,2022-03-26 12:32:46.568172
676,6,22,10,14.139.98.164,HackRushCTF{VRmBB6fMYG},incorrect,2022-03-26 12:32:51.114937
677,6,22,10,14.139.98.164,HackRushCTF{https://discord.com/channels/819870732435587102/820312262970572820},incorrect,2022-03-26 12:33:42.459336
678,6,22,10,14.139.98.164,HackRushCTF{819870732435587102/820312262970572820},incorrect,2022-03-26 12:33:53.729514
679,6,22,10,14.139.98.164,HackRushCTF{820312262970572820},incorrect,2022-03-26 12:33:58.214030
680,6,22,10,14.139.98.164,HackRushCTF{https://discord.com/channels/819870732435587102/820312262970572820/956570755775234092},incorrect,2022-03-26 12:34:34.165445
681,6,22,10,14.139.98.164,HackRushCTF{HackRush 2022},incorrect,2022-03-26 12:35:31.475078
682,9,22,10,14.139.98.164,HackRushCTF{PS9b6c},incorrect,2022-03-26 12:41:10.864524
683,11,25,14,14.139.98.164,HackRushCTF{48f64c4f484132264c43a3e1401011aafc943b11},incorrect,2022-03-26 12:42:44.262288
684,11,25,14,14.139.98.164,HackRushCTF{bf4ce0a4f2c63891d760b7770230763a080e219b},incorrect,2022-03-26 12:51:21.497457
685,11,25,14,14.139.98.164,hackrrushctf3[3k3y804rdd3_3keyss3_3c4n3_3be3_3tapped3]3,incorrect,2022-03-26 13:04:22.578100
686,11,25,14,14.139.98.164,HackRushCTF{hackrrushctf3[3k3y804rdd3_3keyss3_3c4n3_3be3_3tapped3]3},incorrect,2022-03-26 13:04:43.845624
687,11,25,14,14.139.98.164,HackRushCTF{[3k3y804rdd3_3keyss3_3c4n3_3be3_3tapped3]},incorrect,2022-03-26 13:04:55.775840
688,11,25,14,14.139.98.164,HackRushCTF{3k3y804rdd3_3keyss3_3c4n3_3be3_3tapped3},incorrect,2022-03-26 13:05:09.446059
689,9,25,14,14.139.98.164,HackRushCTF{3k3y804rdd3_3keyss3_3c4n3_3be3_3tapped3},incorrect,2022-03-26 13:05:32.629217
690,9,25,14,14.139.98.164,hackrrushctf3[3k3y804rdd3_3keyss3_3c4n3_3be3_3tapped3]3,incorrect,2022-03-26 13:09:21.295838
691,9,25,14,14.139.98.164,hackrrushctf{3k3y804rdd3_3keyss3_3c4n3_3be3_3tapped3},incorrect,2022-03-26 13:09:33.279549
692,9,25,14,14.139.98.164,hackrrushctf{ky804rdd_keyss_c4n_be_tapped},incorrect,2022-03-26 13:10:27.097526
693,9,25,14,14.139.98.164,HackRushCTF{ky804rdd_keyss_c4n_be_tapped},incorrect,2022-03-26 13:10:42.331927
694,9,25,14,14.139.98.164,hackrrushctf{k3y804rdd_keys_c4n_be_tapped},incorrect,2022-03-26 13:12:43.246513
695,9,25,14,14.139.98.164,HackRushCTF{k3y804rdd_keys_c4n_be_tapped},incorrect,2022-03-26 13:13:02.857669
696,9,25,14,14.139.98.164,HackRushCTF{hackrrushctf[k3y804rdd_keys_c4n_be_tapped]},incorrect,2022-03-26 13:14:22.752270
697,11,37,21,14.139.98.164,HackRushCTF{s1mple_REv},correct,2022-03-26 13:55:24.444720
698,9,25,14,14.139.98.164,HackRushCTF{k3y804rdd_keyss_c4n_be_tapped},incorrect,2022-03-26 14:06:57.462477
699,7,19,16,14.139.98.164,HackRushCTF{s1m\zle_Ev},incorrect,2022-03-26 14:13:26.542537
700,7,19,16,14.139.98.164,HackRushCTF{s1m\zle_Ev},incorrect,2022-03-26 14:13:31.381898
701,7,19,16,14.139.98.164,HackRushCTF{s1m\zle_Ev},incorrect,2022-03-26 14:13:36.597785
702,7,19,16,14.139.98.164,HackRushCTF{s1m\zle_0Ev},incorrect,2022-03-26 14:13:40.724205
703,7,19,16,14.139.98.164,HackRushCTF{s1m\zle_NULLEv},incorrect,2022-03-26 14:13:49.321321
704,7,19,16,14.139.98.164,HackRushCTF{s1m\zle_\0Ev},incorrect,2022-03-26 14:14:01.798326
705,9,22,10,14.139.98.164,HackRrushCTF{K3y804rDd_keySs_c4N_be_taPpED},incorrect,2022-03-26 14:28:16.896278
706,9,22,10,14.139.98.164,HackRrushCTF{K3y804rDd_keySs_c4N_be_taPpED},incorrect,2022-03-26 14:28:31.259625
707,9,22,10,14.139.98.164,HackRrushCTF{K3y804rDd_keySs_c4N_be_taPpED},incorrect,2022-03-26 14:28:50.848675
708,9,22,10,14.139.98.164,HackRushCTF{K3y804rDd_keySs_c4N_be_taPpED},incorrect,2022-03-26 14:28:57.455865
709,9,22,10,14.139.98.164,HackRushCTF{K3y804rD_keyS_c4N_be_taPpED},correct,2022-03-26 14:29:23.280355
710,21,18,12,14.139.98.164,HackRushCTF{us3_HM4c_fOR_Si6NATUre_veRiFicATion},correct,2022-03-26 14:32:16.033560
711,8,23,14,14.139.98.164,HackRushCTF{Recursion_1S_T3rribl3_AnD_1_H4t3_My_L1F3!!},incorrect,2022-03-26 14:49:15.142783
712,9,37,21,14.139.98.164,K3y804rD_keyS_c4N_be_taPED},incorrect,2022-03-26 14:57:09.437460
713,9,37,21,14.139.98.164,HackRushCTF{K3y804rD_keyS_c4N_be_taPED},incorrect,2022-03-26 14:57:24.702875
714,9,37,21,14.139.98.164,HackRushCTF{K3y8O4rD_keyS_c4N_be_taPED},incorrect,2022-03-26 14:57:37.077142
715,9,37,21,14.139.98.164,HackRushCTF{K3y804rD_keyS_c4N_be_taPEd},incorrect,2022-03-26 14:57:58.534814
716,7,27,16,14.139.98.164,HackRushCTF{so_ManY_pl4ces_T0_hIde_in_1mA6e5},correct,2022-03-26 15:01:39.198811
717,9,37,21,14.139.98.164,HackRushCTF{K3y804rD_keyS_c4N_be_taPpED},correct,2022-03-26 15:03:01.001870
718,7,22,10,14.139.98.164,HackRushCTF{krqtfhbllaeipgdz},incorrect,2022-03-26 15:11:10.838391
719,7,22,10,14.139.98.164,HackRushCTF{krqtfhbllaeipgdz},incorrect,2022-03-26 15:11:21.847371
720,12,38,22,14.139.98.164,HackRushCTF{1_s1rcEr31Y_h0pE_you_d1DN7_So1ve_th1S_m4nu4llY_if_yes_p13aSe_13Arn_a8Out_5At_S01VeR5_9854834x9Y34'Y8T89T4},incorrect,2022-03-26 15:12:26.716764
721,12,38,22,14.139.98.164,HackRushCTF{1_s1ncEr31Y_h0pE_you_d1DN7_So1ve_th1S_m4nu4llY_if_yes_p13aSe_13Arn_a8Out_5At_S01VeR5_9854834x9Y34'Y8T89T4},incorrect,2022-03-26 15:12:32.943705
722,7,22,10,14.139.98.164,HackRushCTF{so_ManY_pl4ces_T0_hIde_in_1mA6e5},correct,2022-03-26 15:12:42.137995
723,7,18,12,14.139.98.164,HackRushCTF{so_ManY_pl4ces_T0_hIde_in_1mA6e5},correct,2022-03-26 15:13:01.234562
724,12,38,22,14.139.98.164,HackRushCTF{1_s1ncEr31Y_h0pE_you_d1DN7_So1ve_th1S_m4nu4llY_if_yes_p13aSe_13Arn_a8Out_5At_S01VeR5_9854834x9Y34'Y8T89T4},incorrect,2022-03-26 15:13:06.869595
725,5,18,12,14.139.98.164,HackRushCTF{3verY7h1nG_I5_Not_TRULY_r@NDOM},correct,2022-03-26 15:21:44.804710
726,8,25,14,14.139.98.164,HackRushCTF{7hE_rAb17_hoL3_GOeS_dEE33p},correct,2022-03-26 16:58:00.191771
727,6,17,10,14.139.98.164,welcome,incorrect,2022-03-26 17:48:17.890506
728,6,17,10,14.139.98.164,HackRushCTF{.*},incorrect,2022-03-26 17:49:27.084189
729,6,17,10,14.139.98.164,HackRushCTF{WELCOME_70_HackRushCTF},incorrect,2022-03-26 17:51:59.961918
730,12,42,22,14.139.98.164,HackRushCTF{1_siNcEr31Y_h0pE_you_d1DN7_So1ve_th1S_m4nu4llY_if_yes_p13aSe_13Arn_a8Out_5At_SO1VeR5_985483489Y349Y8T89T4},correct,2022-03-26 17:52:15.781363
731,6,17,10,14.139.98.164,HackRushCTF{WE1cOME_70_H4ckRu5hCTF},correct,2022-03-26 17:52:34.372304
732,3,37,21,14.139.98.164,HackRushCTF{DOuBLe_1$_no7_alWay5_b3t7ER},correct,2022-03-26 17:58:09.928185
733,10,17,10,14.139.98.164,HackRushCTF{SometIM3s_stUFf_I5_H1DD3n_1n_pLAIn_519ht},correct,2022-03-26 18:15:28.147385
734,6,64,30,14.139.98.164,HackRushCTF{WE1cOMe_70_H4ckRu5hCTF},incorrect,2022-03-26 18:52:09.668290
735,6,64,30,14.139.98.164,HackRushCTF{WE1cOME_70_H4ckRu5hCTF},correct,2022-03-26 18:53:09.826482
736,2,22,10,14.139.98.164,HackRushCTF{R5a_1S_7HaT_$1MPL3??},correct,2022-03-26 18:59:47.184035
737,15,18,12,14.139.98.164,HackRushCTF{F0rM47_57rInGS_CaN_Le4k_1NFoRM4TiON},correct,2022-03-26 19:04:31.925584
738,20,18,12,14.139.98.164,HackRushCTF{normie_hai_kya?_aise_flag_thodi_na_milega},incorrect,2022-03-26 19:10:21.128591
739,21,45,22,14.139.98.164,HackRushCTF{us3_HM4c_fOR_Si6NATUre_veRiFicATion},correct,2022-03-26 19:24:23.389665
740,11,18,12,14.139.98.164,HackRushCTF{s1mple_REv},correct,2022-03-26 19:50:33.013310
741,15,23,14,14.139.98.164,HackRushCTF{FTCnIr75_74L_NaC_SGoFN1_k4e},incorrect,2022-03-26 20:04:04.395651
742,15,23,14,14.139.98.164,HackRushCTF{e4k_1NFoGS_CaN_L47_57rInCTF},incorrect,2022-03-26 20:10:05.273672
743,15,23,14,14.139.98.164,HackRushCTF{HackRushCTF{F0rM47_57rInGS_CaN_Le4k_1NFoRM4TiON}},incorrect,2022-03-26 20:23:03.908749
744,15,23,14,14.139.98.164,HackRushCTF{F0rM47_57rInGS_CaN_Le4k_1NFoRM4TiON},correct,2022-03-26 20:23:14.560860
745,11,17,10,14.139.98.164,HackRushCTF{,incorrect,2022-03-26 20:26:16.323745
746,11,17,10,14.139.98.164,HackRushCTF{ Please enter your flag:  Correct! Wrong!,incorrect,2022-03-26 20:27:07.100236
747,11,17,10,14.139.98.164,HackRushCTF{ Please enter your flag:  Correct! Wrong!},incorrect,2022-03-26 20:27:13.100945
748,11,17,10,14.139.98.164,HackRushCTF{Please enter your flag: Correct! Wrong!},incorrect,2022-03-26 20:27:37.117828
749,11,17,10,14.139.98.164,HackRushCTF{Please enter your flag: Correct! Wrong!,incorrect,2022-03-26 20:29:30.657438
750,11,17,10,14.139.98.164,HackRushCTF{ Please enter your flag:  Correct! Wrong!,incorrect,2022-03-26 20:29:57.116408
751,11,17,10,14.139.98.164,HackRushCTF{ Please enter your flag:  Correct!},incorrect,2022-03-26 20:30:08.587857
752,11,17,10,14.139.98.164,HackRushCTF{Correct!},incorrect,2022-03-26 20:30:16.495537
753,11,17,10,14.139.98.164,HackRushCTF{ Correct! },incorrect,2022-03-26 20:30:27.002722
754,2,49,8,14.139.98.164,HackRushCTF{R5a_1S_7HaT_$1MPL3??},correct,2022-03-26 20:34:42.894201
755,4,42,22,14.139.98.164,HackRushCTF{DOnt_REU$E_PrIm3S},correct,2022-03-26 20:50:54.071218
756,20,22,10,14.139.98.164,HackRushCTF{normie_hai_kya?_aise_flag_thodi_na_milega},incorrect,2022-03-26 21:01:12.230096
757,10,49,8,14.139.98.164,HackRushCTF{e ydeeenw },incorrect,2022-03-26 21:05:14.342267
758,10,49,8,14.139.98.164,HackRushCTF{e_ydeeenw_},incorrect,2022-03-26 21:05:21.937065
759,20,37,21,14.139.98.164,HackRushCTF{normie_hai_kya?_aise_flag_thodi_na_milega},incorrect,2022-03-26 21:06:10.535638
760,20,37,21,14.139.98.164,HackRushCTF{normie_hai_kya?_aise_flag_thodi_na_milega},incorrect,2022-03-26 21:06:25.885965
761,10,49,8,14.139.98.164,HackRushCTF{honeydew},incorrect,2022-03-26 21:10:24.313907
762,11,47,16,14.139.98.164,HackRushCTF{s1m\le-cEv),incorrect,2022-03-26 21:22:59.109769
763,11,47,16,14.139.98.164,HackRushCTF{s1m\le-qEv),incorrect,2022-03-26 21:23:03.610444
764,11,47,16,14.139.98.164,HackRushCTF{s1m\le-wEv),incorrect,2022-03-26 21:23:08.860484
765,11,47,16,14.139.98.164,HackRushCTF{s1m\le-eEv),incorrect,2022-03-26 21:23:11.977211
766,11,47,16,14.139.98.164,HackRushCTF{s1m\le-rEv),incorrect,2022-03-26 21:23:16.694075
767,11,47,16,14.139.98.164,HackRushCTF{s1m\le-tEv),incorrect,2022-03-26 21:23:19.609411
768,11,47,16,14.139.98.164,HackRushCTF{s1m\le-tEv),incorrect,2022-03-26 21:23:22.010409
769,11,47,16,14.139.98.164,HackRushCTF{s1m\zle-qEv),incorrect,2022-03-26 21:24:13.305463
770,11,47,16,14.139.98.164,HackRushCTF{s1m\zle-wEv),incorrect,2022-03-26 21:24:21.622502
771,11,47,16,14.139.98.164,HackRushCTF{s1m\zle-eEv),incorrect,2022-03-26 21:24:24.848946
772,11,47,16,14.139.98.164,HackRushCTF{s1m\zle_qEv),incorrect,2022-03-26 21:24:32.634688
773,11,47,16,14.139.98.164,HackRushCTF{s1m\zle_wEv),incorrect,2022-03-26 21:24:35.000056
774,11,47,16,14.139.98.164,HackRushCTF{s1m\zle_wEv),incorrect,2022-03-26 21:24:36.798268
775,11,47,16,14.139.98.164,HackRushCTF{s1m\zle_eEv),incorrect,2022-03-26 21:24:38.889378
776,11,47,16,14.139.98.164,HackRushCTF{s1m\zle_rEv),incorrect,2022-03-26 21:24:40.665955
777,11,47,16,14.139.98.164,HackRushCTF{s1m\zle_tEv),incorrect,2022-03-26 21:24:43.643886
778,11,47,16,14.139.98.164,HackRushCTF{s1m\zle_uEv),incorrect,2022-03-26 21:24:48.466103
779,11,47,16,14.139.98.164,HackRushCTF{s1m\zle_iEv),incorrect,2022-03-26 21:24:51.045289
780,11,47,16,14.139.98.164,HackRushCTF{s1m\zle_oEv),incorrect,2022-03-26 21:24:53.947656
781,11,47,16,14.139.98.164,HackRushCTF{s1m\zle_oEv),incorrect,2022-03-26 21:24:55.457367
782,11,47,16,14.139.98.164,HackRushCTF{s1m\zle_pEv),incorrect,2022-03-26 21:25:00.331057
783,11,47,16,14.139.98.164,HackRushCTF{s1m\zle_aEv),incorrect,2022-03-26 21:25:03.659450
784,11,47,16,14.139.98.164,HackRushCTF{s1m\zle_sEv),incorrect,2022-03-26 21:25:05.645166
785,11,47,16,14.139.98.164,HackRushCTF{s1m\zle_sEv),incorrect,2022-03-26 21:25:06.365502
786,11,47,16,14.139.98.164,HackRushCTF{s1m\zle_sEv),incorrect,2022-03-26 21:25:06.817927
787,11,47,16,14.139.98.164,HackRushCTF{s1m\zle_dEv),incorrect,2022-03-26 21:25:09.087574
788,11,47,16,14.139.98.164,HackRushCTF{s1m\zle_fEv),incorrect,2022-03-26 21:25:10.554810
789,11,47,16,14.139.98.164,HackRushCTF{s1m\zle_gEv),incorrect,2022-03-26 21:25:12.167720
790,11,47,16,14.139.98.164,HackRushCTF{s1m\zle_hEv),incorrect,2022-03-26 21:25:14.554009
791,11,47,16,14.139.98.164,HackRushCTF{s1m\zle_hEv),incorrect,2022-03-26 21:25:14.865396
792,11,17,10,14.139.98.164,HackRushCTF{ Please enter your flag:  Correct! Wrong!],incorrect,2022-03-26 21:57:09.280067
793,11,17,10,14.139.98.164,HackRushCTF{ Please enter your flag:  Correct! Wrong!},incorrect,2022-03-26 21:57:17.176770
794,11,17,10,14.139.98.164,,incorrect,2022-03-26 21:58:12.640620
795,11,17,10,14.139.98.164,,incorrect,2022-03-26 21:58:19.228129
796,11,17,10,14.139.98.164,,incorrect,2022-03-26 21:58:25.436457
797,11,17,10,14.139.98.164,,incorrect,2022-03-26 21:58:32.131910
798,11,17,10,14.139.98.164,HackRushCTF{ Flag},incorrect,2022-03-26 21:58:43.080342
799,11,17,10,14.139.98.164,,incorrect,2022-03-26 22:01:26.478814
800,11,47,16,14.139.98.164,HackRushCTF{s1mple_REv),incorrect,2022-03-26 22:53:30.337255
801,11,47,16,14.139.98.164,HackRushCTF{s1mple-REv),incorrect,2022-03-26 22:53:39.690359
802,11,47,16,14.139.98.164,HackRushCTF{s1mple_REV),incorrect,2022-03-26 22:53:52.327461
803,11,47,16,14.139.98.164,HackRushCTF{simple_REv),incorrect,2022-03-26 22:54:05.957819
804,11,47,16,14.139.98.164,HackRushCTF{s1mple_REv},correct,2022-03-26 22:54:22.939951
805,7,43,21,14.139.98.164,HackRushCTF{so_ManY_pl4ces_T0_hIde_in_1mA6e5},correct,2022-03-26 23:37:23.797881
806,9,19,16,14.139.98.164,hackrrushctf{k3y804rdd_keyss_c4n_be_tapped},incorrect,2022-03-27 00:50:51.966302
807,9,19,16,14.139.98.164,HackRushCTF{k3y804rdd_keyss_c4n_be_tapped},incorrect,2022-03-27 00:51:06.773941
808,9,19,16,14.139.98.164,#HackRushCTF{K3y804rDd_keySs_c4N_be_taPpED},incorrect,2022-03-27 00:55:08.462808
809,9,19,16,14.139.98.164,HackRushCTF{K3y804rDd_keySs_c4N_be_taPpED},incorrect,2022-03-27 00:55:13.707767
810,9,19,16,14.139.98.164,HackRushCTF{K3y804rD_keyS_c4N_be_taPED},incorrect,2022-03-27 01:04:49.764736
811,9,19,16,14.139.98.164,HackRrushCTF{K3y804rDd_keySs_c4N_be_taPpED},incorrect,2022-03-27 01:05:55.389053
812,9,27,16,14.139.98.164,HackRushCTF{K3y804rD_keyS_c4n_be_taPed},incorrect,2022-03-27 01:12:05.428483
813,9,27,16,14.139.98.164,HackRushCTF{K3y804rD_keyS_c4N_be_taPed},incorrect,2022-03-27 01:12:36.136997
814,9,27,16,14.139.98.164,HackRushCTF{K3y804rD_keyS_c4N_be_taPEd},incorrect,2022-03-27 01:12:45.689193
815,9,27,16,14.139.98.164,HackRushCTF{k3y804rD_keyS_c4n_be_taPed},incorrect,2022-03-27 01:14:52.123448
816,9,47,16,14.139.98.164,HackRushCTF{k3y804rd_keys_c4n_be_taped},incorrect,2022-03-27 01:20:54.660723
817,9,47,16,14.139.98.164,HackRrushCTF{K3y804rDd_keySs_c4N_be_taPpED},incorrect,2022-03-27 01:21:05.217494
818,9,47,16,14.139.98.164,HackRrushCTF{K3y804rDd_keySs_c4N_bE_taPpED},incorrect,2022-03-27 01:22:21.327710
819,9,47,16,14.139.98.164,HackRushCTF{K3y804rD_keyS_c4N_bE_taPpED},incorrect,2022-03-27 01:28:51.911012
820,9,47,16,14.139.98.164,HackRushCTF{K3y804rD_keys_c4N_bE_taPpED},incorrect,2022-03-27 01:29:08.825106
821,9,47,16,14.139.98.164,HackRushCTF{K3y804rD_keyS_c4N_bE_taPED},incorrect,2022-03-27 01:29:27.088487
822,9,47,16,14.139.98.164,HackRushCTF{K3y804rD_keyS_c4N_bE_tapPED},incorrect,2022-03-27 01:29:40.945342
823,9,47,16,14.139.98.164,HackRushCTF{K3y804rD_keyS_c4N_bE_taPped},incorrect,2022-03-27 01:29:53.713729
824,9,47,16,14.139.98.164,HackRushCTF{K3y804rD_keyS_c4N_bE_taPpeD},incorrect,2022-03-27 01:30:00.595393
825,9,47,16,14.139.98.164,HackRushCTF{k3y804rD_keyS_c4N_bE_taPpED},incorrect,2022-03-27 01:33:38.766583
826,9,47,16,14.139.98.164,HackRushCTF{K3y804rD_keyS_c4N_bE_taPpED},incorrect,2022-03-27 01:33:43.411560
827,9,19,16,14.139.98.164,HackRushCTF{k3y804rd_keys_c4n_be_tapped},incorrect,2022-03-27 01:33:46.667811
828,9,19,16,14.139.98.164,HackRushCTF{k3y804rd_keys_c4n_be_taped},incorrect,2022-03-27 01:33:52.929281
829,9,19,16,14.139.98.164,HackRushCTF{k3y804rD_keyS_c4n_be_taPed},incorrect,2022-03-27 01:34:08.614971
830,9,19,16,14.139.98.164,HackRushCTF{k3y804rD_keyS_c4n_be_taPped},incorrect,2022-03-27 01:34:14.706580
831,9,47,16,14.139.98.164,HackRushCTF{K3y804rD_keyS_c4N_be_taPpED},correct,2022-03-27 01:36:19.267739
832,1,38,22,14.139.98.164,HackRushCTF{3471NG_oNe_Bite_At_@_T1m3},correct,2022-03-27 02:06:05.280275
833,9,23,14,14.139.98.164,HackRushCTF{K3y804D_keyS_c4N_be_taPPeD},incorrect,2022-03-27 03:59:01.104159
834,9,23,14,14.139.98.164,HackRushCTF{HackRushCTF{K3y804D_keyS_c4N_be_taPPeD}},incorrect,2022-03-27 04:08:32.435602
835,9,23,14,14.139.98.164,HackRushCTF{HackRushCTF{K3y804D_keyS_c4N_be_taPeD}},incorrect,2022-03-27 04:08:51.434128
836,9,23,14,14.139.98.164,HackRushCTF{K3y804D_keyS_c4N_be_taPPeD},incorrect,2022-03-27 04:09:06.853702
837,9,23,14,14.139.98.164,HackRushCTF{K3y804D_keyS_c4N_be_taPeD},incorrect,2022-03-27 04:09:11.808643
838,9,23,14,14.139.98.164,HackRushCTF{K3y804D_keyS_c4N_Be_taPeD},incorrect,2022-03-27 04:12:21.852785
839,9,23,14,14.139.98.164,HackRushCTF{K3y804D_keyS_c4N_bE_taPeD},incorrect,2022-03-27 04:12:28.573457
840,9,23,14,14.139.98.164,HackRushCTF{K3y804D_keyS_c4N_bE_taPPeD},incorrect,2022-03-27 04:12:41.075079
841,9,23,14,14.139.98.164,HackRushCTF{K3y804D_keyS_c4N_Be_taPPeD},incorrect,2022-03-27 04:12:47.984051
842,9,23,14,14.139.98.164,HackRushCTF{K3y804D_keyS_c4N_be_taPPeD},incorrect,2022-03-27 04:12:59.058472
843,9,23,14,14.139.98.164,HackRushCTF{K3y804rD_keyS_c4N_be_taPPeD},incorrect,2022-03-27 04:16:16.913971
844,9,23,14,14.139.98.164,HackRushCTF{K3y804rD_keyS_c4N_be_taPpED},correct,2022-03-27 04:18:44.033197
